id,URL,os,mp_no,mp_low,mp_high,pagesize_kb,num_requests,num_scripts,scripts_kb,num_images,images_kb,num_css,css_kb,dom_elements,iframes_kb,num_iframes,fonts_kb,requests_font,PLT,TTFB
1,https://www.google.com,0,1,0,0,750.72,33,7,380.9141,14,288.5585938,1,0.221679688,264,53.76074219,7,28.6015625,2,2876.2,543.3
2,https://www.youtube.com,0,1,0,0,1251.78,22,5,598.5713,3,40.21484375,2,91.79101563,391,490.0830078,5,28.04589844,2,3178.7,708.5
3,https://www.baidu.com,0,1,0,0,623.69,73,49,244.5049,31,307.9511719,0,0,531,93.71972656,4,70.78125,2,2305.1,533.8
4,https://www.tmall.com,0,1,0,0,369.96,55,11,229.5352,29,102.7792969,0,0,994,13.36328125,6,0,0,4181.7,542.8
5,https://www.qq.com,0,1,0,0,408.1,62,15,265.2969,41,82.37402344,0,0,344,40.25195313,8,2.97265625,1,5648.6,541.6
6,https://www.facebook.com,0,1,0,0,357.42,40,24,276.7471,6,22.89355469,5,26.9140625,291,34.56738281,3,0,0,6087.8,702.5
7,https://www.sohu.com,0,1,0,0,863.55,221,49,390.8438,109,389.28125,5,15.01953125,1252,42.80761719,44,12.25390625,1,28142.5,711.7
8,https://www.taobao.com,0,1,0,0,557.27,73,10,240.6582,68,579.6728516,0,0,428,11.04785156,3,0,0,6846.5,696.2
9,https://www.yahoo.com,0,1,0,0,1217.5,129,45,413.9785,42,400.4628906,0,0,726,156.5078125,17,112.125,4,15852.9,652.9
10,https://www.wikipedia.org,0,1,0,0,72.8,7,2,8.4912,5,49.41699219,0,0,928,18.63183594,2,0,0,2855.3,541.7
11,https://www.jd.com,0,1,0,0,1640.11,70,26,799.5703,30,671.90625,6,168.6728516,265,30.625,8,0,0,0,941.4
12,https://www.360.cn,0,1,0,0,839.86,57,17,214.375,26,551.3056641,3,41.66308594,232,32.375,6,0,0,3762.9,531.8
13,https://www.amazon.com,0,1,0,0,396.85,46,17,219.29,106,368.1464844,6,49.80078125,596,86.16796875,34,165.7695313,8,3754,651.2
14,https://www.weibo.com,0,1,0,0,588.49,29,18,488.5225,41,1016.042969,8,82.65625,851,4.330078125,3,7.059570313,1,8029.5,1439.7
15,https://www.live.com,0,1,0,0,743.71,30,12,651.1338,15,442.2910156,4,35.24316406,445,11.8984375,3,65.07421875,2,2841.1,844.7
16,https://www.reddit.com,0,1,0,0,1280.2,68,20,566.7764,43,651.125,1,1.364257813,1714,39.72558594,4,8.4921875,1,16436.7,973.2
17,https://www.okezone.com,0,1,0,0,2037.66,224,72,1126.3125,73,473.40625,3,81.35644531,1499,79.47753906,22,223.2265625,9,16414.3,538.1
18,https://www.vk.com,0,1,0,0,1448.96,49,21,1012.4111,11,33.21386719,9,400.4628906,128,43.59863281,7,0,0,4580.7,1402.9
19,https://www.csdn.net,0,1,0,0,461.14,48,15,169.4648,24,395.1230469,4,6.588867188,649,5.893554688,3,0,0,6195.4,541.2
20,https://www.netflix.com,0,1,0,0,1735.75,29,7,443.7666,9,619.6357422,2,18.63574219,512,50.27148438,5,104.7304688,2,8977.5,716
21,https://www.office.com,0,1,0,0,371.86,23,14,160.876,10,140.2724609,3,22.81738281,552,17.05078125,2,0,0,4269.4,896.8
22,https://www.alipay.com,0,1,0,0,126.15,15,5,44.5586,2,7.2265625,1,1.680664063,45,14.53125,4,0,0,0,827.3
23,https://www.instagram.com,0,1,0,0,1567.98,21,12,906.7188,4,650.0166016,4,58.76269531,281,15.00878906,2,0,0,5113.8,547.1
24,https://www.yahoo.co.jp,0,1,0,0,966.24,99,46,539.5674,65,392.7431641,4,63.97753906,1188,35.55859375,8,0,0,10530.8,1231.9
25,https://www.microsoft.com,0,1,0,0,551.46,50,33,447.4746,50,180.7353516,3,60.32519531,516,70.01855469,23,85.046875,3,5048.3,702.7
26,https://www.naver.com,0,1,0,0,1476,21,8,390.5967,61,2864.336914,4,290.4130859,4404,91.55664063,10,0,0,6629,938
27,https://www.stackoverflow.com,0,1,0,0,436.32,37,6,147.126,20,70.22753906,4,106.5527344,1159,53.46484375,3,62.171875,3,4809.6,704.9
28,https://www.force.com,0,1,0,0,1555.64,213,87,890.9639,36,293.9248047,7,97.34570313,1877,26.39355469,14,95.8203125,8,17413.2,948.4
29,https://www.twitter.com,0,1,0,0,692.95,9,125,2717.8936,3,196.7539063,0,0,216,33.62402344,4,49.74414063,1,3356.5,1727.5
30,https://www.bing.com,0,1,0,0,471.43,43,15,192.8398,8,191.8134766,1,5.91015625,200,39.39941406,4,0,0,1080.4,535.2
31,https://www.twitch.tv,0,1,0,0,618.29,34,46,1121.8926,87,909.9765625,0,0,1713,90.95605469,4,0,0,7509.7,951.7
32,https://www.aliexpress.com,0,1,0,0,4032.27,124,34,474.8633,64,3484.638672,7,24.43847656,512,8.26171875,4,25.984375,3,6439.8,1251.7
33,https://www.bilibili.com,0,1,0,0,849.98,75,48,956.1006,29,448.8310547,32,158.1396484,359,57.36425781,6,29.87890625,3,21951.1,541
34,https://www.tribunnews.com,0,1,0,0,1936.4,174,31,683.7686,65,1092.25293,9,20.76953125,1160,43.16894531,31,91.62890625,4,16867,711
35,https://www.ebay.com,0,1,0,0,247.28,21,22,225.8965,41,418.1269531,3,24.79296875,663,64.84570313,5,43.578125,2,4462.5,539.6
36,https://www.linkedin.com,0,1,0,0,354.09,23,10,298.9502,17,58.98535156,1,26.76757813,669,15.15820313,8,0,0,2008.5,537.9
37,https://www.zhanqi.tv,0,1,0,0,630.97,40,17,189.1797,5,107.6083984,8,291.7724609,80,23.23242188,5,0,0,4856.2,689.3
38,https://www.msn.com,0,1,0,0,279.53,21,6,234.6865,22,86.55273438,1,28.04589844,1250,39.50390625,3,49.01171875,2,5552.2,714.1
39,https://www.adobe.com,0,1,0,0,1096.95,44,52,1067.6523,58,147.3261719,6,181.1367188,2020,54.19042969,24,162.0273438,3,7637.3,804.9
40,https://www.mama.cn,0,1,0,0,1179.48,73,16,107.2334,40,1002.617188,7,33.82519531,322,42.04199219,7,0,0,7000.5,536.2
41,https://www.ok.ru,0,1,0,0,955.06,120,11,367.2549,99,419.15625,3,156.9150391,521,14.2265625,3,0,0,7044.7,838.6
42,https://www.tianya.cn,0,1,0,0,436.77,55,20,151.1699,17,245.6142578,7,51.44628906,519,31.26464844,13,0,0,25359.2,683.9
43,https://www.apple.com,0,1,0,0,1008.97,39,10,360.79,10,125.2587891,6,81.00585938,695,11.14746094,2,429.5,5,6198.6,542.3
44,https://www.yandex.ru,0,1,0,0,947.59,53,15,876.9873,36,77.64746094,2,16.27832031,1185,58.65917969,3,130.3671875,3,5220.9,726
45,https://www.dropbox.com,0,1,0,0,2601.73,217,168,2448.6035,48,979.8496094,35,73.58105469,770,110.0400391,24,367.3955078,8,10118.5,643.3
46,https://www.whatsapp.com,0,1,0,0,470.31,21,7,167.2646,9,235.9453125,3,46.73144531,518,21.85839844,3,0,0,11154.3,537.8
47,https://www.cnn.com,0,1,0,0,3620.82,222,84,3116.1172,58,26.90429688,3,58.77832031,1460,162.7021484,21,272.3125,7,15138.7,774.1
48,https://www.wordpress.com,0,1,0,0,633.13,74,26,385.7031,29,427.7578125,2,11.13085938,1494,43.09472656,11,0,0,11057.5,697.7
49,https://www.163.com,0,1,0,0,3617.58,170,25,445.8623,96,3074.083008,1,41.8359375,1311,46.88964844,38,5.75,1,20967.8,1743.8
50,https://www.aparat.com,0,1,0,0,2166.61,71,10,262.1748,43,1648.30957,4,64.62011719,1923,19.22167969,2,168.9306641,4,8161.9,534.3
51,https://www.mail.ru,0,1,0,0,1173.73,117,9,447.2285,80,587.9033203,1,6.873046875,1048,92.28125,4,0,0,8670.1,940.5
52,https://www.bbc.com,0,1,0,0,2344.22,89,50,1212.8506,36,149.4951172,5,31.83007813,1373,79.13867188,21,1247.410156,21,11856.9,537.5
53,https://www.nytimes.com,0,1,0,0,7915.62,316,69,2681.8545,97,4315.847656,13,90.08007813,1675,513.0732422,48,381.0898438,16,28674.5,1066.5
54,https://www.medium.com,0,1,0,0,1325.55,59,18,648.5146,16,568.0419922,2,1.170898438,649,14.95605469,6,85.07617188,6,10353.2,699.4
55,https://www.detik.com,0,1,0,0,2745.48,361,68,1335.1885,151,1020.103516,7,16.82226563,1744,113.921875,63,225.90625,6,24677.1,699.9
56,https://www.imdb.com,0,1,0,0,1834.56,99,38,854.0947,56,798.5302734,4,40.39160156,3996,164.4970703,6,32.28125,3,12998.4,943.2
57,https://www.1688.com,0,1,0,0,1644.08,94,17,240.6201,60,1391.141602,1,11.66699219,328,8.2890625,9,5.6875,2,8912.3,1084.4
58,https://www.hao123.com,0,1,0,0,783.4,94,15,148.9541,39,152.3740234,2,92.13867188,816,34.61816406,7,0,0,11427.2,1038.4
59,https://www.cnblogs.com,0,1,0,0,758,76,14,281.335,59,506.9931641,2,6.31640625,950,29.91308594,8,0,0,5274.3,539.1
60,https://www.yy.com,0,1,0,0,276.44,28,6,63.8408,13,184.3398438,1,15.24804688,361,12.91601563,5,0,0,5827,700.5
61,https://www.instructure.com,0,1,0,0,1667.58,107,54,1254.377,22,159.2441406,8,61.07617188,1400,54.578125,9,168.8125,7,40028.4,543.8
62,https://www.huanqiu.com,0,1,0,0,1396.59,121,28,272.0742,102,4395.363281,2,8.571289063,1261,316.921875,32,0,0,33847.1,811.1
63,https://www.chase.com,0,1,0,0,504.42,53,9,294.75,20,5.5,1,38.84082031,783,22.56933594,10,134.3183594,6,4178.7,536.9
64,https://www.spotify.com,0,1,0,0,825.57,52,42,698.2197,24,9.547851563,1,6.016601563,352,16.546875,19,191.0390625,3,10157.2,934.9
65,https://www.babytree.com,0,1,0,0,3009.67,52,4,159.3281,24,1762.913086,2,20.53027344,345,28.90527344,9,0,0,11195.5,1412.7
66,https://www.zoho.com,0,1,0,0,739.77,34,17,304.7109,8,271.2041016,3,68.54589844,863,14.82128906,6,110.6054688,3,6407.4,542.1
67,https://www.indeed.com,0,1,0,0,782.1,67,33,674.7344,7,1.46484375,17,84.97949219,419,22.92382813,2,19.9296875,2,7092.2,968.3
68,https://www.grid.id,0,1,0,0,602.55,52,23,478.9111,10,23.65820313,3,22.80566406,835,21.20898438,3,54.75390625,4,19952.1,1138.6
69,https://www.ettoday.net,0,1,0,0,2247.24,264,90,1116.1436,61,948.8476563,5,11.81445313,708,127.1572266,55,14.265625,1,21581.9,1177.8
70,https://www.rakuten.co.jp,0,1,0,0,2005.26,116,123,1360.9805,196,1391.142578,4,36.14355469,1405,45.82324219,28,41.55078125,1,5264.1,1170.6
71,https://www.booking.com,0,1,0,0,925.03,56,32,753.6553,38,38.68164063,8,141.6796875,1717,126.5742188,9,0,0,10709.5,726.7
72,https://www.aliyun.com,0,1,0,0,1069.9,94,44,540.6289,37,993.8164063,13,115.3818359,10464,89.74804688,7,70.2578125,2,7264.7,729.9
73,https://www.alibaba.com,0,1,0,0,2607.56,172,74,1709.4385,89,1148.694336,18,180.9492188,939,1000.413086,28,0,0,14881.8,1306.7
74,https://www.sindonews.com,0,1,0,0,1384.44,92,30,574.4932,29,368.0703125,2,12.4140625,1065,34.62402344,24,408.9648438,3,11162.8,537.7
75,https://www.kompas.com,0,1,0,0,1606.75,184,62,1273.7109,56,345.1455078,7,14.38574219,1343,246.7285156,39,0,0,17338.7,997.2
76,https://www.pixnet.net,0,1,0,0,1331.45,206,13,719.1221,209,2662.870117,1,0.333984375,1335,5.411132813,30,0,0,23504.9,574.3
77,https://www.github.com,0,1,0,0,1194.57,54,14,320.9658,15,255.2070313,5,133.796875,1314,36.80761719,1,157.21875,4,5630.2,946
78,https://www.tumblr.com,0,1,0,0,1011.56,48,75,911.832,18,386.0947266,40,72.40234375,144,6.90234375,2,2960.097656,80,6710.1,552.3
79,https://www.onlinesbi.com,0,1,0,0,2239.3,42,6,77.1836,28,2105.017578,4,40.40039063,738,12.59472656,2,0,0,2522.4,543.4
80,https://www.imgur.com,0,1,0,0,3320.26,170,66,1372.1807,307,726.6171875,2,17.15039063,271,193.328125,164,253.1992188,10,29579.8,1590.9
81,https://www.stackexchange.com,0,1,0,0,477.55,84,5,58.6035,62,288.9267578,2,55.56835938,1245,24.20214844,3,0,0,4775,722.6
82,https://www.liputan6.com,0,1,0,0,2122.28,217,60,1246.7373,86,648.4921875,9,140.3066406,3035,153.9111328,31,122.1054688,10,29829.7,754.7
83,https://www.office365.com,0,1,0,0,598.61,97,17,384.7422,55,434.1289063,2,88.64257813,660,49.82324219,21,85.046875,3,11718.2,1503.2
84,https://www.flipkart.com,0,1,0,0,589.76,65,18,412.2656,47,233.5644531,7,26.8515625,926,10.9453125,4,0,0,7598.1,1090.8
85,https://www.globo.com,0,1,0,0,1296.39,116,60,967.4932,44,128.2148438,3,25.88183594,2731,236.640625,32,95.2890625,5,20649.1,585.9
86,https://www.bbc.co.uk,0,1,0,0,2941.93,136,64,1258.4111,54,514.0126953,7,33.17578125,1372,119.4492188,23,1247.410156,21,11129.9,550.4
87,https://www.arcgis.com,0,1,0,0,1418.32,44,13,1001.1152,10,242.0732422,5,135.1894531,285,3.405273438,5,56.83300781,3,7027.6,731.2
88,https://www.nih.gov,0,1,0,0,520.07,53,14,239.4287,18,206.4921875,10,35.79394531,844,15.30175781,3,24.4765625,3,5532,541.5
89,https://www.theguardian.com,0,1,0,0,1968.85,122,25,398.8174,60,1039.755859,5,44.40332031,3545,159.7070313,4,202.71875,7,12024.5,766
90,https://www.thestartmagazine.com,0,1,0,0,483.52,73,21,299.2715,35,79.79003906,4,4.221679688,396,25.10839844,8,85.9375,2,15101.8,743.3
91,https://www.paypal.com,0,1,0,0,3590.35,45,16,443.4805,11,9.12890625,1,49.66503906,380,27.09570313,6,35.8203125,2,12807.8,550.8
92,https://www.uol.com.br,0,1,0,0,2108.33,148,81,1562.3311,50,344.5097656,3,89.80273438,2152,308.0097656,18,89.45703125,5,19320,1232.3
93,https://www.soundcloud.com,0,1,0,0,542.56,43,24,314.7031,8,138.5332031,3,11.20898438,291,16.56152344,2,66.33203125,3,4383.6,1384.3
94,https://www.digikala.com,0,1,0,0,2022.9,101,13,477.4141,75,1355.985352,1,152.7773438,3738,55.61132813,7,91.046875,4,24651.9,549.3
95,https://www.espn.com,0,1,0,0,1253.76,57,37,1771.623,91,2027.410156,4,196.2460938,3116,567.8085938,15,76.84863281,2,8489.6,580.6
96,https://www.slideshare.net,0,1,0,0,286.1,13,6,175.9434,5,42.99707031,3,38.64355469,659,27.70703125,2,73.38769531,2,3868.7,546.6
97,https://www.okta.com,0,1,0,0,1635.02,62,45,1507.0244,42,302.8974609,12,370.2285156,1101,32.43164063,13,204.8398438,9,11580.6,830.1
98,https://www.udemy.com,0,1,0,0,467.53,29,20,671.1846,19,184.9541016,2,9.265625,2541,52.26367188,8,0,0,7728.1,558
99,https://www.cnbc.com,0,1,0,0,1094.71,48,37,552.3047,4,301.1679688,0,0,2364,152.6494141,1,228.4628906,8,4176.7,842.6
100,https://www.discordapp.com,0,1,0,0,2576.56,54,11,2249.7188,28,177.0673828,2,69.61523438,241,10.23046875,1,69.38867188,4,13323.5,1243.4
101,https://www.google.com,1,1,0,0,750.72,33,7,380.9141,14,288.5585938,1,0.221679688,264,53.76074219,7,28.6015625,2,2634.6,522.7
102,https://www.youtube.com,1,1,0,0,1251.78,22,5,598.5713,3,40.21484375,2,91.79101563,391,490.0830078,5,28.04589844,2,3070.6,680.9
103,https://www.baidu.com,1,1,0,0,623.69,73,49,244.5049,31,307.9511719,0,0,531,93.71972656,4,70.78125,2,2074.6,508.7
104,https://www.tmall.com,1,1,0,0,369.96,55,11,229.5352,29,102.7792969,0,0,994,13.36328125,6,0,0,3930.8,520.5
105,https://www.qq.com,1,1,0,0,408.1,62,15,265.2969,41,82.37402344,0,0,344,40.25195313,8,2.97265625,1,5304,523.2
106,https://www.facebook.com,1,1,0,0,357.42,40,24,276.7471,6,22.89355469,5,26.9140625,291,34.56738281,3,0,0,5734.7,697.6
107,https://www.sohu.com,1,1,0,0,863.55,221,49,390.8438,109,389.28125,5,15.01953125,1252,42.80761719,44,12.25390625,1,26341.4,691.1
108,https://www.taobao.com,1,1,0,0,557.27,73,10,240.6582,68,579.6728516,0,0,428,11.04785156,3,0,0,6593.2,667.7
109,https://www.yahoo.com,1,1,0,0,1217.5,129,45,413.9785,42,400.4628906,0,0,726,156.5078125,17,112.125,4,15076.1,637.9
110,https://www.wikipedia.org,1,1,0,0,72.8,7,2,8.4912,5,49.41699219,0,0,928,18.63183594,2,0,0,2566.9,517.9
111,https://www.jd.com,1,1,0,0,1640.11,70,26,799.5703,30,671.90625,6,168.6728516,265,30.625,8,0,0,0,912.2
112,https://www.360.cn,1,1,0,0,839.86,57,17,214.375,26,551.3056641,3,41.66308594,232,32.375,6,0,0,3484.4,519.6
113,https://www.amazon.com,1,1,0,0,396.85,46,17,219.29,106,368.1464844,6,49.80078125,596,86.16796875,34,165.7695313,8,3720.2,640.8
114,https://www.weibo.com,1,1,0,0,588.49,29,18,488.5225,41,1016.042969,8,82.65625,851,4.330078125,3,7.059570313,1,8147.4,1396.5
115,https://www.live.com,1,1,0,0,743.71,30,12,651.1338,15,442.2910156,4,35.24316406,445,11.8984375,3,65.07421875,2,2738.8,802.5
116,https://www.reddit.com,1,1,0,0,1280.2,68,20,566.7764,43,651.125,1,1.364257813,1714,39.72558594,4,8.4921875,1,15713.5,949.8
117,https://www.okezone.com,1,1,0,0,2037.66,224,72,1126.3125,73,473.40625,3,81.35644531,1499,79.47753906,22,223.2265625,9,15150.4,524.1
118,https://www.vk.com,1,1,0,0,1448.96,49,21,1012.4111,11,33.21386719,9,400.4628906,128,43.59863281,7,0,0,4429.5,1370.6
119,https://www.csdn.net,1,1,0,0,461.14,48,15,169.4648,24,395.1230469,4,6.588867188,649,5.893554688,3,0,0,6304.2,521.2
120,https://www.netflix.com,1,1,0,0,1735.75,29,7,443.7666,9,619.6357422,2,18.63574219,512,50.27148438,5,104.7304688,2,8295.2,685.2
121,https://www.office.com,1,1,0,0,371.86,23,14,160.876,10,140.2724609,3,22.81738281,552,17.05078125,2,0,0,4205.4,829.5
122,https://www.alipay.com,1,1,0,0,126.15,15,5,44.5586,2,7.2265625,1,1.680664063,45,14.53125,4,0,0,0,790.1
123,https://www.instagram.com,1,1,0,0,1567.98,21,12,906.7188,4,650.0166016,4,58.76269531,281,15.00878906,2,0,0,4980.8,519.7
124,https://www.yahoo.co.jp,1,1,0,0,966.24,99,46,539.5674,65,392.7431641,4,63.97753906,1188,35.55859375,8,0,0,9515.9,1185.1
125,https://www.microsoft.com,1,1,0,0,551.46,50,33,447.4746,50,180.7353516,3,60.32519531,516,70.01855469,23,85.046875,3,4684.8,680.2
126,https://www.naver.com,1,1,0,0,1476,21,8,390.5967,61,2864.336914,4,290.4130859,4404,91.55664063,10,0,0,6284.3,925.8
127,https://www.stackoverflow.com,1,1,0,0,436.32,37,6,147.126,20,70.22753906,4,106.5527344,1159,53.46484375,3,62.171875,3,4670.1,690.8
128,https://www.force.com,1,1,0,0,1555.64,213,87,890.9639,36,293.9248047,7,97.34570313,1877,26.39355469,14,95.8203125,8,16002.7,876.3
129,https://www.twitter.com,1,1,0,0,692.95,9,125,2717.8936,3,196.7539063,0,0,216,33.62402344,4,49.74414063,1,3141.7,1748.4
130,https://www.bing.com,1,1,0,0,471.43,43,15,192.8398,8,191.8134766,1,5.91015625,200,39.39941406,4,0,0,979.9,520.2
131,https://www.twitch.tv,1,1,0,0,618.29,34,46,1121.8926,87,909.9765625,0,0,1713,90.95605469,4,0,0,7044.1,887
132,https://www.aliexpress.com,1,1,0,0,4032.27,124,34,474.8633,64,3484.638672,7,24.43847656,512,8.26171875,4,25.984375,3,6559.4,1276.2
133,https://www.bilibili.com,1,1,0,0,849.98,75,48,956.1006,29,448.8310547,32,158.1396484,359,57.36425781,6,29.87890625,3,22209.3,519.4
134,https://www.tribunnews.com,1,1,0,0,1936.4,174,31,683.7686,65,1092.25293,9,20.76953125,1160,43.16894531,31,91.62890625,4,16495.9,671.9
135,https://www.ebay.com,1,1,0,0,247.28,21,22,225.8965,41,418.1269531,3,24.79296875,663,64.84570313,5,43.578125,2,3668.2,524
136,https://www.linkedin.com,1,1,0,0,354.09,23,10,298.9502,17,58.98535156,1,26.76757813,669,15.15820313,8,0,0,1811.7,525
137,https://www.zhanqi.tv,1,1,0,0,630.97,40,17,189.1797,5,107.6083984,8,291.7724609,80,23.23242188,5,0,0,4598.8,667.2
138,https://www.msn.com,1,1,0,0,279.53,21,6,234.6865,22,86.55273438,1,28.04589844,1250,39.50390625,3,49.01171875,2,4458.4,687
139,https://www.adobe.com,1,1,0,0,1096.95,44,52,1067.6523,58,147.3261719,6,181.1367188,2020,54.19042969,24,162.0273438,3,7721.9,816.6
140,https://www.mama.cn,1,1,0,0,1179.48,73,16,107.2334,40,1002.617188,7,33.82519531,322,42.04199219,7,0,0,6510.5,519.6
141,https://www.ok.ru,1,1,0,0,955.06,120,11,367.2549,99,419.15625,3,156.9150391,521,14.2265625,3,0,0,6445.9,799.2
142,https://www.tianya.cn,1,1,0,0,436.77,55,20,151.1699,17,245.6142578,7,51.44628906,519,31.26464844,13,0,0,22645.8,675
143,https://www.apple.com,1,1,0,0,1008.97,39,10,360.79,10,125.2587891,6,81.00585938,695,11.14746094,2,429.5,5,5690.3,522.2
144,https://www.yandex.ru,1,1,0,0,947.59,53,15,876.9873,36,77.64746094,2,16.27832031,1185,58.65917969,3,130.3671875,3,4865.9,715.8
145,https://www.dropbox.com,1,1,0,0,2601.73,217,168,2448.6035,48,979.8496094,35,73.58105469,770,110.0400391,24,367.3955078,8,8104.9,644.6
146,https://www.whatsapp.com,1,1,0,0,470.31,21,7,167.2646,9,235.9453125,3,46.73144531,518,21.85839844,3,0,0,10563.1,522.2
147,https://www.cnn.com,1,1,0,0,3620.82,222,84,3116.1172,58,26.90429688,3,58.77832031,1460,162.7021484,21,272.3125,7,14366.6,728.4
148,https://www.wordpress.com,1,1,0,0,633.13,74,26,385.7031,29,427.7578125,2,11.13085938,1494,43.09472656,11,0,0,9421,678.9
149,https://www.163.com,1,1,0,0,3617.58,170,25,445.8623,96,3074.083008,1,41.8359375,1311,46.88964844,38,5.75,1,19563,1663.6
150,https://www.aparat.com,1,1,0,0,2166.61,71,10,262.1748,43,1648.30957,4,64.62011719,1923,19.22167969,2,168.9306641,4,7941.5,487.8
151,https://www.mail.ru,1,1,0,0,1173.73,117,9,447.2285,80,587.9033203,1,6.873046875,1048,92.28125,4,0,0,8227.9,852.1
152,https://www.bbc.com,1,1,0,0,2344.22,89,50,1212.8506,36,149.4951172,5,31.83007813,1373,79.13867188,21,1247.410156,21,10955.8,523
153,https://www.nytimes.com,1,1,0,0,7915.62,316,69,2681.8545,97,4315.847656,13,90.08007813,1675,513.0732422,48,381.0898438,16,26437.9,1048.4
154,https://www.medium.com,1,1,0,0,1325.55,59,18,648.5146,16,568.0419922,2,1.170898438,649,14.95605469,6,85.07617188,6,9328.2,671.4
155,https://www.detik.com,1,1,0,0,2745.48,361,68,1335.1885,151,1020.103516,7,16.82226563,1744,113.921875,63,225.90625,6,22382.1,674
156,https://www.imdb.com,1,1,0,0,1834.56,99,38,854.0947,56,798.5302734,4,40.39160156,3996,164.4970703,6,32.28125,3,12257.5,912.1
157,https://www.1688.com,1,1,0,0,1644.08,94,17,240.6201,60,1391.141602,1,11.66699219,328,8.2890625,9,5.6875,2,7976.5,1033.4
158,https://www.hao123.com,1,1,0,0,783.4,94,15,148.9541,39,152.3740234,2,92.13867188,816,34.61816406,7,0,0,10284.5,960.5
159,https://www.cnblogs.com,1,1,0,0,758,76,14,281.335,59,506.9931641,2,6.31640625,950,29.91308594,8,0,0,5361.2,522.9
160,https://www.yy.com,1,1,0,0,276.44,28,6,63.8408,13,184.3398438,1,15.24804688,361,12.91601563,5,0,0,5541.5,664.8
161,https://www.instructure.com,1,1,0,0,1667.58,107,54,1254.377,22,159.2441406,8,61.07617188,1400,54.578125,9,168.8125,7,38787.5,527.5
162,https://www.huanqiu.com,1,1,0,0,1396.59,121,28,272.0742,102,4395.363281,2,8.571289063,1261,316.921875,32,0,0,30902.4,791.6
163,https://www.chase.com,1,1,0,0,504.42,53,9,294.75,20,5.5,1,38.84082031,783,22.56933594,10,134.3183594,6,3990.7,486.4
164,https://www.spotify.com,1,1,0,0,825.57,52,42,698.2197,24,9.547851563,1,6.016601563,352,16.546875,19,191.0390625,3,9141.5,910.6
165,https://www.babytree.com,1,1,0,0,3009.67,52,4,159.3281,24,1762.913086,2,20.53027344,345,28.90527344,9,0,0,9896.8,1288.4
166,https://www.zoho.com,1,1,0,0,739.77,34,17,304.7109,8,271.2041016,3,68.54589844,863,14.82128906,6,110.6054688,3,5574.4,521
167,https://www.indeed.com,1,1,0,0,782.1,67,33,674.7344,7,1.46484375,17,84.97949219,419,22.92382813,2,19.9296875,2,6872.3,935.4
168,https://www.grid.id,1,1,0,0,602.55,52,23,478.9111,10,23.65820313,3,22.80566406,835,21.20898438,3,54.75390625,4,19453.3,1110.1
169,https://www.ettoday.net,1,1,0,0,2247.24,264,90,1116.1436,61,948.8476563,5,11.81445313,708,127.1572266,55,14.265625,1,21042.4,1147.2
170,https://www.rakuten.co.jp,1,1,0,0,2005.26,116,123,1360.9805,196,1391.142578,4,36.14355469,1405,45.82324219,28,41.55078125,1,4969.3,1191.1
171,https://www.booking.com,1,1,0,0,925.03,56,32,753.6553,38,38.68164063,8,141.6796875,1717,126.5742188,9,0,0,10109.8,686
172,https://www.aliyun.com,1,1,0,0,1069.9,94,44,540.6289,37,993.8164063,13,115.3818359,10464,89.74804688,7,70.2578125,2,6981.4,714.6
173,https://www.alibaba.com,1,1,0,0,2607.56,172,74,1709.4385,89,1148.694336,18,180.9492188,939,1000.413086,28,0,0,12947.2,1322.4
174,https://www.sindonews.com,1,1,0,0,1384.44,92,30,574.4932,29,368.0703125,2,12.4140625,1065,34.62402344,24,408.9648438,3,10660.5,520
175,https://www.kompas.com,1,1,0,0,1606.75,184,62,1273.7109,56,345.1455078,7,14.38574219,1343,246.7285156,39,0,0,17234.7,1001.2
176,https://www.pixnet.net,1,1,0,0,1331.45,206,13,719.1221,209,2662.870117,1,0.333984375,1335,5.411132813,30,0,0,22259.1,520
177,https://www.github.com,1,1,0,0,1194.57,54,14,320.9658,15,255.2070313,5,133.796875,1314,36.80761719,1,157.21875,4,5084.1,858
178,https://www.tumblr.com,1,1,0,0,1011.56,48,75,911.832,18,386.0947266,40,72.40234375,144,6.90234375,2,2960.097656,80,6421.6,523.6
179,https://www.onlinesbi.com,1,1,0,0,2239.3,42,6,77.1836,28,2105.017578,4,40.40039063,738,12.59472656,2,0,0,2086,476.6
180,https://www.imgur.com,1,1,0,0,3320.26,170,66,1372.1807,307,726.6171875,2,17.15039063,271,193.328125,164,253.1992188,10,30004.6,1594.1
181,https://www.stackexchange.com,1,1,0,0,477.55,84,5,58.6035,62,288.9267578,2,55.56835938,1245,24.20214844,3,0,0,4584,690.1
182,https://www.liputan6.com,1,1,0,0,2122.28,217,60,1246.7373,86,648.4921875,9,140.3066406,3035,153.9111328,31,122.1054688,10,28457.5,712.4
183,https://www.office365.com,1,1,0,0,598.61,97,17,384.7422,55,434.1289063,2,88.64257813,660,49.82324219,21,85.046875,3,10580.3,1379.9
184,https://www.flipkart.com,1,1,0,0,589.76,65,18,412.2656,47,233.5644531,7,26.8515625,926,10.9453125,4,0,0,6815.5,1004.6
185,https://www.globo.com,1,1,0,0,1296.39,116,60,967.4932,44,128.2148438,3,25.88183594,2731,236.640625,32,95.2890625,5,18129.9,522
186,https://www.bbc.co.uk,1,1,0,0,2941.93,136,64,1258.4111,54,514.0126953,7,33.17578125,1372,119.4492188,23,1247.410156,21,10684.7,527.3
187,https://www.arcgis.com,1,1,0,0,1418.32,44,13,1001.1152,10,242.0732422,5,135.1894531,285,3.405273438,5,56.83300781,3,7048.7,744.2
188,https://www.nih.gov,1,1,0,0,520.07,53,14,239.4287,18,206.4921875,10,35.79394531,844,15.30175781,3,24.4765625,3,5211.1,489
189,https://www.theguardian.com,1,1,0,0,1968.85,122,25,398.8174,60,1039.755859,5,44.40332031,3545,159.7070313,4,202.71875,7,11663.8,707
190,https://www.thestartmagazine.com,1,1,0,0,483.52,73,21,299.2715,35,79.79003906,4,4.221679688,396,25.10839844,8,85.9375,2,14724.3,683
191,https://www.paypal.com,1,1,0,0,3590.35,45,16,443.4805,11,9.12890625,1,49.66503906,380,27.09570313,6,35.8203125,2,13019.2,527.7
192,https://www.uol.com.br,1,1,0,0,2108.33,148,81,1562.3311,50,344.5097656,3,89.80273438,2152,308.0097656,18,89.45703125,5,16924.3,1238.5
193,https://www.soundcloud.com,1,1,0,0,542.56,43,24,314.7031,8,138.5332031,3,11.20898438,291,16.56152344,2,66.33203125,3,4265.2,1391.2
194,https://www.digikala.com,1,1,0,0,2022.9,101,13,477.4141,75,1355.985352,1,152.7773438,3738,55.61132813,7,91.046875,4,21866.2,526.8
195,https://www.espn.com,1,1,0,0,1253.76,57,37,1771.623,91,2027.410156,4,196.2460938,3116,567.8085938,15,76.84863281,2,8192.5,589.7
196,https://www.slideshare.net,1,1,0,0,286.1,13,6,175.9434,5,42.99707031,3,38.64355469,659,27.70703125,2,73.38769531,2,3683,520.4
197,https://www.okta.com,1,1,0,0,1635.02,62,45,1507.0244,42,302.8974609,12,370.2285156,1101,32.43164063,13,204.8398438,9,10897.3,807.7
198,https://www.udemy.com,1,1,0,0,467.53,29,20,671.1846,19,184.9541016,2,9.265625,2541,52.26367188,8,0,0,7086.7,534
199,https://www.cnbc.com,1,1,0,0,1094.71,48,37,552.3047,4,301.1679688,0,0,2364,152.6494141,1,228.4628906,8,3888.5,794.6
200,https://www.discordapp.com,1,1,0,0,2576.56,54,11,2249.7188,28,177.0673828,2,69.61523438,241,10.23046875,1,69.38867188,4,13110.3,1171.3
201,https://www.google.com,0,0,1,0,750.72,33,7,380.9141,14,288.5585938,1,0.221679688,264,53.76074219,7,28.6015625,2,5195.7,681.3
202,https://www.youtube.com,0,0,1,0,1251.78,22,5,598.5713,3,40.21484375,2,91.79101563,391,490.0830078,5,28.04589844,2,5818.1,954
203,https://www.baidu.com,0,0,1,0,623.69,73,49,244.5049,31,307.9511719,0,0,531,93.71972656,4,70.78125,2,4598.2,644.8
204,https://www.tmall.com,0,0,1,0,369.96,55,11,229.5352,29,102.7792969,0,0,994,13.36328125,6,0,0,6208.2,680.9
205,https://www.qq.com,0,0,1,0,408.1,62,15,265.2969,41,82.37402344,0,0,344,40.25195313,8,2.97265625,1,10336.8,697.4
206,https://www.facebook.com,0,0,1,0,357.42,40,24,276.7471,6,22.89355469,5,26.9140625,291,34.56738281,3,0,0,9617.9,919.2
207,https://www.sohu.com,0,0,1,0,863.55,221,49,390.8438,109,389.28125,5,15.01953125,1252,42.80761719,44,12.25390625,1,30030.8,1144.2
208,https://www.taobao.com,0,0,1,0,557.27,73,10,240.6582,68,579.6728516,0,0,428,11.04785156,3,0,0,11781.6,1077.9
209,https://www.yahoo.com,0,0,1,0,1217.5,129,45,413.9785,42,400.4628906,0,0,726,156.5078125,17,112.125,4,27706.7,855.8
210,https://www.wikipedia.org,0,0,1,0,72.8,7,2,8.4912,5,49.41699219,0,0,928,18.63183594,2,0,0,5203.5,679.9
211,https://www.jd.com,0,0,1,0,1640.11,70,26,799.5703,30,671.90625,6,168.6728516,265,30.625,8,0,0,E,984.6
212,https://www.360.cn,0,0,1,0,839.86,57,17,214.375,26,551.3056641,3,41.66308594,232,32.375,6,0,0,5954.9,951
213,https://www.amazon.com,0,0,1,0,396.85,46,17,219.29,106,368.1464844,6,49.80078125,596,86.16796875,34,165.7695313,8,6325.4,788.7
214,https://www.weibo.com,0,0,1,0,588.49,29,18,488.5225,41,1016.042969,8,82.65625,851,4.330078125,3,7.059570313,1,9064.9,1756.9
215,https://www.live.com,0,0,1,0,743.71,30,12,651.1338,15,442.2910156,4,35.24316406,445,11.8984375,3,65.07421875,2,4289.6,1597.9
216,https://www.reddit.com,0,0,1,0,1280.2,68,20,566.7764,43,651.125,1,1.364257813,1714,39.72558594,4,8.4921875,1,18301,1418.9
217,https://www.okezone.com,0,0,1,0,2037.66,224,72,1126.3125,73,473.40625,3,81.35644531,1499,79.47753906,22,223.2265625,9,23007.3,930.5
218,https://www.vk.com,0,0,1,0,1448.96,49,21,1012.4111,11,33.21386719,9,400.4628906,128,43.59863281,7,0,0,E,1586
219,https://www.csdn.net,0,0,1,0,461.14,48,15,169.4648,24,395.1230469,4,6.588867188,649,5.893554688,3,0,0,9370.1,880.1
220,https://www.netflix.com,0,0,1,0,1735.75,29,7,443.7666,9,619.6357422,2,18.63574219,512,50.27148438,5,104.7304688,2,24869.4,1074.5
221,https://www.office.com,0,0,1,0,371.86,23,14,160.876,10,140.2724609,3,22.81738281,552,17.05078125,2,0,0,7153.2,1008.3
222,https://www.alipay.com,0,0,1,0,126.15,15,5,44.5586,2,7.2265625,1,1.680664063,45,14.53125,4,0,0,E,992.7
223,https://www.instagram.com,0,0,1,0,1567.98,21,12,906.7188,4,650.0166016,4,58.76269531,281,15.00878906,2,0,0,8929.7,627.7
224,https://www.yahoo.co.jp,0,0,1,0,966.24,99,46,539.5674,65,392.7431641,4,63.97753906,1188,35.55859375,8,0,0,20590.9,1986.3
225,https://www.microsoft.com,0,0,1,0,551.46,50,33,447.4746,50,180.7353516,3,60.32519531,516,70.01855469,23,85.046875,3,7447.1,944.4
226,https://www.naver.com,0,0,1,0,1476,21,8,390.5967,61,2864.336914,4,290.4130859,4404,91.55664063,10,0,0,18117.4,1554.5
227,https://www.stackoverflow.com,0,0,1,0,436.32,37,6,147.126,20,70.22753906,4,106.5527344,1159,53.46484375,3,62.171875,3,8287.4,1282.7
228,https://www.force.com,0,0,1,0,1555.64,213,87,890.9639,36,293.9248047,7,97.34570313,1877,26.39355469,14,95.8203125,8,24093.3,1567.1
229,https://www.twitter.com,0,0,1,0,692.95,9,125,2717.8936,3,196.7539063,0,0,216,33.62402344,4,49.74414063,1,5272.1,2373.9
230,https://www.bing.com,0,0,1,0,471.43,43,15,192.8398,8,191.8134766,1,5.91015625,200,39.39941406,4,0,0,2653.1,845
231,https://www.twitch.tv,0,0,1,0,618.29,34,46,1121.8926,87,909.9765625,0,0,1713,90.95605469,4,0,0,13396.5,1255.3
232,https://www.aliexpress.com,0,0,1,0,4032.27,124,34,474.8633,64,3484.638672,7,24.43847656,512,8.26171875,4,25.984375,3,10568.3,1617
233,https://www.bilibili.com,0,0,1,0,849.98,75,48,956.1006,29,448.8310547,32,158.1396484,359,57.36425781,6,29.87890625,3,26602.7,716.3
234,https://www.tribunnews.com,0,0,1,0,1936.4,174,31,683.7686,65,1092.25293,9,20.76953125,1160,43.16894531,31,91.62890625,4,23580.5,1672.9
235,https://www.ebay.com,0,0,1,0,247.28,21,22,225.8965,41,418.1269531,3,24.79296875,663,64.84570313,5,43.578125,2,6574.1,871.6
236,https://www.linkedin.com,0,0,1,0,354.09,23,10,298.9502,17,58.98535156,1,26.76757813,669,15.15820313,8,0,0,3638.1,759.6
237,https://www.zhanqi.tv,0,0,1,0,630.97,40,17,189.1797,5,107.6083984,8,291.7724609,80,23.23242188,5,0,0,8473.2,839.5
238,https://www.msn.com,0,0,1,0,279.53,21,6,234.6865,22,86.55273438,1,28.04589844,1250,39.50390625,3,49.01171875,2,7375.6,930.4
239,https://www.adobe.com,0,0,1,0,1096.95,44,52,1067.6523,58,147.3261719,6,181.1367188,2020,54.19042969,24,162.0273438,3,12571.5,942.9
240,https://www.mama.cn,0,0,1,0,1179.48,73,16,107.2334,40,1002.617188,7,33.82519531,322,42.04199219,7,0,0,9683.9,710.4
241,https://www.ok.ru,0,0,1,0,955.06,120,11,367.2549,99,419.15625,3,156.9150391,521,14.2265625,3,0,0,12273.7,1258.2
242,https://www.tianya.cn,0,0,1,0,436.77,55,20,151.1699,17,245.6142578,7,51.44628906,519,31.26464844,13,0,0,28856,1300
243,https://www.apple.com,0,0,1,0,1008.97,39,10,360.79,10,125.2587891,6,81.00585938,695,11.14746094,2,429.5,5,12287.4,670.2
244,https://www.yandex.ru,0,0,1,0,947.59,53,15,876.9873,36,77.64746094,2,16.27832031,1185,58.65917969,3,130.3671875,3,9618.4,1233.6
245,https://www.dropbox.com,0,0,1,0,2601.73,217,168,2448.6035,48,979.8496094,35,73.58105469,770,110.0400391,24,367.3955078,8,17784.8,855.4
246,https://www.whatsapp.com,0,0,1,0,470.31,21,7,167.2646,9,235.9453125,3,46.73144531,518,21.85839844,3,0,0,21529.8,748.8
247,https://www.cnn.com,0,0,1,0,3620.82,222,84,3116.1172,58,26.90429688,3,58.77832031,1460,162.7021484,21,272.3125,7,26140.5,1787.9
248,https://www.wordpress.com,0,0,1,0,633.13,74,26,385.7031,29,427.7578125,2,11.13085938,1494,43.09472656,11,0,0,14673.1,1289.7
249,https://www.163.com,0,0,1,0,3617.58,170,25,445.8623,96,3074.083008,1,41.8359375,1311,46.88964844,38,5.75,1,24363.5,2370.1
250,https://www.aparat.com,0,0,1,0,2166.61,71,10,262.1748,43,1648.30957,4,64.62011719,1923,19.22167969,2,168.9306641,4,15075.4,680.1
251,https://www.mail.ru,0,0,1,0,1173.73,117,9,447.2285,80,587.9033203,1,6.873046875,1048,92.28125,4,0,0,15486.9,1344.5
252,https://www.bbc.com,0,0,1,0,2344.22,89,50,1212.8506,36,149.4951172,5,31.83007813,1373,79.13867188,21,1247.410156,21,20359.6,1506.3
253,https://www.nytimes.com,0,0,1,0,7915.62,316,69,2681.8545,97,4315.847656,13,90.08007813,1675,513.0732422,48,381.0898438,16,70789,1266
254,https://www.medium.com,0,0,1,0,1325.55,59,18,648.5146,16,568.0419922,2,1.170898438,649,14.95605469,6,85.07617188,6,15992,1299
255,https://www.detik.com,0,0,1,0,2745.48,361,68,1335.1885,151,1020.103516,7,16.82226563,1744,113.921875,63,225.90625,6,45343.4,1664.8
256,https://www.imdb.com,0,0,1,0,1834.56,99,38,854.0947,56,798.5302734,4,40.39160156,3996,164.4970703,6,32.28125,3,21232.7,1234.3
257,https://www.1688.com,0,0,1,0,1644.08,94,17,240.6201,60,1391.141602,1,11.66699219,328,8.2890625,9,5.6875,2,14293.9,1626.5
258,https://www.hao123.com,0,0,1,0,783.4,94,15,148.9541,39,152.3740234,2,92.13867188,816,34.61816406,7,0,0,18892.2,1378.8
259,https://www.cnblogs.com,0,0,1,0,758,76,14,281.335,59,506.9931641,2,6.31640625,950,29.91308594,8,0,0,9354.4,1022.3
260,https://www.yy.com,0,0,1,0,276.44,28,6,63.8408,13,184.3398438,1,15.24804688,361,12.91601563,5,0,0,9760.3,1076
261,https://www.instructure.com,0,0,1,0,1667.58,107,54,1254.377,22,159.2441406,8,61.07617188,1400,54.578125,9,168.8125,7,48208.1,1127
262,https://www.huanqiu.com,0,0,1,0,1396.59,121,28,272.0742,102,4395.363281,2,8.571289063,1261,316.921875,32,0,0,85383.2,1036.3
263,https://www.chase.com,0,0,1,0,504.42,53,9,294.75,20,5.5,1,38.84082031,783,22.56933594,10,134.3183594,6,15910.7,1322.1
264,https://www.spotify.com,0,0,1,0,825.57,52,42,698.2197,24,9.547851563,1,6.016601563,352,16.546875,19,191.0390625,3,46975.1,2597.3
265,https://www.babytree.com,0,0,1,0,3009.67,52,4,159.3281,24,1762.913086,2,20.53027344,345,28.90527344,9,0,0,69600,2480.8
266,https://www.zoho.com,0,0,1,0,739.77,34,17,304.7109,8,271.2041016,3,68.54589844,863,14.82128906,6,110.6054688,3,29149.6,1560
267,https://www.indeed.com,0,0,1,0,782.1,67,33,674.7344,7,1.46484375,17,84.97949219,419,22.92382813,2,19.9296875,2,44694.4,3293
268,https://www.grid.id,0,0,1,0,602.55,52,23,478.9111,10,23.65820313,3,22.80566406,835,21.20898438,3,54.75390625,4,21989.2,1236.9
269,https://www.ettoday.net,0,0,1,0,2247.24,264,90,1116.1436,61,948.8476563,5,11.81445313,708,127.1572266,55,14.265625,1,21422.6,1652.1
270,https://www.rakuten.co.jp,0,0,1,0,2005.26,116,123,1360.9805,196,1391.142578,4,36.14355469,1405,45.82324219,28,41.55078125,1,24623.3,1486.6
271,https://www.booking.com,0,0,1,0,925.03,56,32,753.6553,38,38.68164063,8,141.6796875,1717,126.5742188,9,0,0,81938.9,2319.4
272,https://www.aliyun.com,0,0,1,0,1069.9,94,44,540.6289,37,993.8164063,13,115.3818359,10464,89.74804688,7,70.2578125,2,57233,2269.1
273,https://www.alibaba.com,0,0,1,0,2607.56,172,74,1709.4385,89,1148.694336,18,180.9492188,939,1000.413086,28,0,0,20680.3,3403
274,https://www.sindonews.com,0,0,1,0,1384.44,92,30,574.4932,29,368.0703125,2,12.4140625,1065,34.62402344,24,408.9648438,3,67916.5,1768.1
275,https://www.kompas.com,0,0,1,0,1606.75,184,62,1273.7109,56,345.1455078,7,14.38574219,1343,246.7285156,39,0,0,E,1080.8
276,https://www.pixnet.net,0,0,1,0,1331.45,206,13,719.1221,209,2662.870117,1,0.333984375,1335,5.411132813,30,0,0,30408.6,2739.1
277,https://www.github.com,0,0,1,0,1194.57,54,14,320.9658,15,255.2070313,5,133.796875,1314,36.80761719,1,157.21875,4,42647.7,2404.2
278,https://www.tumblr.com,0,0,1,0,1011.56,48,75,911.832,18,386.0947266,40,72.40234375,144,6.90234375,2,2960.097656,80,54086.9,2155.9
279,https://www.onlinesbi.com,0,0,1,0,2239.3,42,6,77.1836,28,2105.017578,4,40.40039063,738,12.59472656,2,0,0,11236.7,1507.1
280,https://www.imgur.com,0,0,1,0,3320.26,170,66,1372.1807,307,726.6171875,2,17.15039063,271,193.328125,164,253.1992188,10,40410.2,5078.1
281,https://www.stackexchange.com,0,0,1,0,477.55,84,5,58.6035,62,288.9267578,2,55.56835938,1245,24.20214844,3,0,0,38844.1,1540.3
282,https://www.liputan6.com,0,0,1,0,2122.28,217,60,1246.7373,86,648.4921875,9,140.3066406,3035,153.9111328,31,122.1054688,10,31702.5,1900.3
283,https://www.office365.com,0,0,1,0,598.61,97,17,384.7422,55,434.1289063,2,88.64257813,660,49.82324219,21,85.046875,3,E,1783.5
284,https://www.flipkart.com,0,0,1,0,589.76,65,18,412.2656,47,233.5644531,7,26.8515625,926,10.9453125,4,0,0,62826.5,2011
285,https://www.globo.com,0,0,1,0,1296.39,116,60,967.4932,44,128.2148438,3,25.88183594,2731,236.640625,32,95.2890625,5,20386.1,1236
286,https://www.bbc.co.uk,0,0,1,0,2941.93,136,64,1258.4111,54,514.0126953,7,33.17578125,1372,119.4492188,23,1247.410156,21,57916.7,1459.5
287,https://www.arcgis.com,0,0,1,0,1418.32,44,13,1001.1152,10,242.0732422,5,135.1894531,285,3.405273438,5,56.83300781,3,67176.4,1183.7
288,https://www.nih.gov,0,0,1,0,520.07,53,14,239.4287,18,206.4921875,10,35.79394531,844,15.30175781,3,24.4765625,3,61792.1,1268.2
289,https://www.theguardian.com,0,0,1,0,1968.85,122,25,398.8174,60,1039.755859,5,44.40332031,3545,159.7070313,4,202.71875,7,E,1418.5
290,https://www.thestartmagazine.com,0,0,1,0,483.52,73,21,299.2715,35,79.79003906,4,4.221679688,396,25.10839844,8,85.9375,2,E,2122.1
291,https://www.paypal.com,0,0,1,0,3590.35,45,16,443.4805,11,9.12890625,1,49.66503906,380,27.09570313,6,35.8203125,2,E,864.9
292,https://www.uol.com.br,0,0,1,0,2108.33,148,81,1562.3311,50,344.5097656,3,89.80273438,2152,308.0097656,18,89.45703125,5,E,1485.1
293,https://www.soundcloud.com,0,0,1,0,542.56,43,24,314.7031,8,138.5332031,3,11.20898438,291,16.56152344,2,66.33203125,3,80400.2,4702.2
294,https://www.digikala.com,0,0,1,0,2022.9,101,13,477.4141,75,1355.985352,1,152.7773438,3738,55.61132813,7,91.046875,4,E,1833.8
295,https://www.espn.com,0,0,1,0,1253.76,57,37,1771.623,91,2027.410156,4,196.2460938,3116,567.8085938,15,76.84863281,2,E,1101.6
296,https://www.slideshare.net,0,0,1,0,286.1,13,6,175.9434,5,42.99707031,3,38.64355469,659,27.70703125,2,73.38769531,2,77258.6,1897.3
297,https://www.okta.com,0,0,1,0,1635.02,62,45,1507.0244,42,302.8974609,12,370.2285156,1101,32.43164063,13,204.8398438,9,E,5269.7
298,https://www.udemy.com,0,0,1,0,467.53,29,20,671.1846,19,184.9541016,2,9.265625,2541,52.26367188,8,0,0,37460.3,2637.9
299,https://www.cnbc.com,0,0,1,0,1094.71,48,37,552.3047,4,301.1679688,0,0,2364,152.6494141,1,228.4628906,8,E,4796.5
300,https://www.discordapp.com,0,0,1,0,2576.56,54,11,2249.7188,28,177.0673828,2,69.61523438,241,10.23046875,1,69.38867188,4,E,8430
301,https://www.google.com,1,0,1,0,750.72,33,7,380.9141,14,288.5585938,1,0.221679688,264,53.76074219,7,28.6015625,2,3140.1,667.6
302,https://www.youtube.com,1,0,1,0,1251.78,22,5,598.5713,3,40.21484375,2,91.79101563,391,490.0830078,5,28.04589844,2,3623,738
303,https://www.baidu.com,1,0,1,0,623.69,73,49,244.5049,31,307.9511719,0,0,531,93.71972656,4,70.78125,2,2514.7,566.8
304,https://www.tmall.com,1,0,1,0,369.96,55,11,229.5352,29,102.7792969,0,0,994,13.36328125,6,0,0,3931.2,681.7
305,https://www.qq.com,1,0,1,0,408.1,62,15,265.2969,41,82.37402344,0,0,344,40.25195313,8,2.97265625,1,6119.8,566.6
306,https://www.facebook.com,1,0,1,0,357.42,40,24,276.7471,6,22.89355469,5,26.9140625,291,34.56738281,3,0,0,6090,734.5
307,https://www.sohu.com,1,0,1,0,863.55,221,49,390.8438,109,389.28125,5,15.01953125,1252,42.80761719,44,12.25390625,1,23806.2,723.7
308,https://www.taobao.com,1,0,1,0,557.27,73,10,240.6582,68,579.6728516,0,0,428,11.04785156,3,0,0,7593.1,723.2
309,https://www.yahoo.com,1,0,1,0,1217.5,129,45,413.9785,42,400.4628906,0,0,726,156.5078125,17,112.125,4,17303.5,687.6
310,https://www.wikipedia.org,1,0,1,0,72.8,7,2,8.4912,5,49.41699219,0,0,928,18.63183594,2,0,0,2898.3,562.7
311,https://www.jd.com,1,0,1,0,1640.11,70,26,799.5703,30,671.90625,6,168.6728516,265,30.625,8,0,0,3157.5,963.2
312,https://www.360.cn,1,0,1,0,839.86,57,17,214.375,26,551.3056641,3,41.66308594,232,32.375,6,0,0,3443.1,754.7
313,https://www.amazon.com,1,0,1,0,396.85,46,17,219.29,106,368.1464844,6,49.80078125,596,86.16796875,34,165.7695313,8,4163.9,687.9
314,https://www.weibo.com,1,0,1,0,588.49,29,18,488.5225,41,1016.042969,8,82.65625,851,4.330078125,3,7.059570313,1,7993.5,1571.8
315,https://www.live.com,1,0,1,0,743.71,30,12,651.1338,15,442.2910156,4,35.24316406,445,11.8984375,3,65.07421875,2,2927.3,868.2
316,https://www.reddit.com,1,0,1,0,1280.2,68,20,566.7764,43,651.125,1,1.364257813,1714,39.72558594,4,8.4921875,1,14036.6,1331
317,https://www.okezone.com,1,0,1,0,2037.66,224,72,1126.3125,73,473.40625,3,81.35644531,1499,79.47753906,22,223.2265625,9,17249.1,814
318,https://www.vk.com,1,0,1,0,1448.96,49,21,1012.4111,11,33.21386719,9,400.4628906,128,43.59863281,7,0,0,E,868.2
319,https://www.csdn.net,1,0,1,0,461.14,48,15,169.4648,24,395.1230469,4,6.588867188,649,5.893554688,3,0,0,5985.2,807.8
320,https://www.netflix.com,1,0,1,0,1735.75,29,7,443.7666,9,619.6357422,2,18.63574219,512,50.27148438,5,104.7304688,2,11856.9,947.6
321,https://www.office.com,1,0,1,0,371.86,23,14,160.876,10,140.2724609,3,22.81738281,552,17.05078125,2,0,0,4677.8,849.6
322,https://www.alipay.com,1,0,1,0,126.15,15,5,44.5586,2,7.2265625,1,1.680664063,45,14.53125,4,0,0,E,853.9
323,https://www.instagram.com,1,0,1,0,1567.98,21,12,906.7188,4,650.0166016,4,58.76269531,281,15.00878906,2,0,0,6393.2,567.7
324,https://www.yahoo.co.jp,1,0,1,0,966.24,99,46,539.5674,65,392.7431641,4,63.97753906,1188,35.55859375,8,0,0,13639.9,1268
325,https://www.microsoft.com,1,0,1,0,551.46,50,33,447.4746,50,180.7353516,3,60.32519531,516,70.01855469,23,85.046875,3,4992.3,828.9
326,https://www.naver.com,1,0,1,0,1476,21,8,390.5967,61,2864.336914,4,290.4130859,4404,91.55664063,10,0,0,7209.6,976.4
327,https://www.stackoverflow.com,1,0,1,0,436.32,37,6,147.126,20,70.22753906,4,106.5527344,1159,53.46484375,3,62.171875,3,5182.6,744.2
328,https://www.force.com,1,0,1,0,1555.64,213,87,890.9639,36,293.9248047,7,97.34570313,1877,26.39355469,14,95.8203125,8,14049.2,977.2
329,https://www.twitter.com,1,0,1,0,692.95,9,125,2717.8936,3,196.7539063,0,0,216,33.62402344,4,49.74414063,1,3487.9,1776
330,https://www.bing.com,1,0,1,0,471.43,43,15,192.8398,8,191.8134766,1,5.91015625,200,39.39941406,4,0,0,1015,566.5
331,https://www.twitch.tv,1,0,1,0,618.29,34,46,1121.8926,87,909.9765625,0,0,1713,90.95605469,4,0,0,7711.1,978.2
332,https://www.aliexpress.com,1,0,1,0,4032.27,124,34,474.8633,64,3484.638672,7,24.43847656,512,8.26171875,4,25.984375,3,7262.6,1318.7
333,https://www.bilibili.com,1,0,1,0,849.98,75,48,956.1006,29,448.8310547,32,158.1396484,359,57.36425781,6,29.87890625,3,21301,572.3
334,https://www.tribunnews.com,1,0,1,0,1936.4,174,31,683.7686,65,1092.25293,9,20.76953125,1160,43.16894531,31,91.62890625,4,16947.4,730.9
335,https://www.ebay.com,1,0,1,0,247.28,21,22,225.8965,41,418.1269531,3,24.79296875,663,64.84570313,5,43.578125,2,3718,689.5
336,https://www.linkedin.com,1,0,1,0,354.09,23,10,298.9502,17,58.98535156,1,26.76757813,669,15.15820313,8,0,0,2027.8,696.6
337,https://www.zhanqi.tv,1,0,1,0,630.97,40,17,189.1797,5,107.6083984,8,291.7724609,80,23.23242188,5,0,0,6218.6,731.9
338,https://www.msn.com,1,0,1,0,279.53,21,6,234.6865,22,86.55273438,1,28.04589844,1250,39.50390625,3,49.01171875,2,5813.4,872.5
339,https://www.adobe.com,1,0,1,0,1096.95,44,52,1067.6523,58,147.3261719,6,181.1367188,2020,54.19042969,24,162.0273438,3,8954.7,885.8
340,https://www.mama.cn,1,0,1,0,1179.48,73,16,107.2334,40,1002.617188,7,33.82519531,322,42.04199219,7,0,0,7623.6,576.2
341,https://www.ok.ru,1,0,1,0,955.06,120,11,367.2549,99,419.15625,3,156.9150391,521,14.2265625,3,0,0,9015.9,874.9
342,https://www.tianya.cn,1,0,1,0,436.77,55,20,151.1699,17,245.6142578,7,51.44628906,519,31.26464844,13,0,0,24286.1,943.6
343,https://www.apple.com,1,0,1,0,1008.97,39,10,360.79,10,125.2587891,6,81.00585938,695,11.14746094,2,429.5,5,6223.3,572.7
344,https://www.yandex.ru,1,0,1,0,947.59,53,15,876.9873,36,77.64746094,2,16.27832031,1185,58.65917969,3,130.3671875,3,5015.8,792.7
345,https://www.dropbox.com,1,0,1,0,2601.73,217,168,2448.6035,48,979.8496094,35,73.58105469,770,110.0400391,24,367.3955078,8,9946.3,714.8
346,https://www.whatsapp.com,1,0,1,0,470.31,21,7,167.2646,9,235.9453125,3,46.73144531,518,21.85839844,3,0,0,12971.5,694.6
347,https://www.cnn.com,1,0,1,0,3620.82,222,84,3116.1172,58,26.90429688,3,58.77832031,1460,162.7021484,21,272.3125,7,16160.6,810.6
348,https://www.wordpress.com,1,0,1,0,633.13,74,26,385.7031,29,427.7578125,2,11.13085938,1494,43.09472656,11,0,0,8934.7,734.8
349,https://www.163.com,1,0,1,0,3617.58,170,25,445.8623,96,3074.083008,1,41.8359375,1311,46.88964844,38,5.75,1,20357.6,1856.6
350,https://www.aparat.com,1,0,1,0,2166.61,71,10,262.1748,43,1648.30957,4,64.62011719,1923,19.22167969,2,168.9306641,4,10773.9,560.8
351,https://www.mail.ru,1,0,1,0,1173.73,117,9,447.2285,80,587.9033203,1,6.873046875,1048,92.28125,4,0,0,9511.6,975.5
352,https://www.bbc.com,1,0,1,0,2344.22,89,50,1212.8506,36,149.4951172,5,31.83007813,1373,79.13867188,21,1247.410156,21,12839.4,1324.9
353,https://www.nytimes.com,1,0,1,0,7915.62,316,69,2681.8545,97,4315.847656,13,90.08007813,1675,513.0732422,48,381.0898438,16,30039.5,1232.9
354,https://www.medium.com,1,0,1,0,1325.55,59,18,648.5146,16,568.0419922,2,1.170898438,649,14.95605469,6,85.07617188,6,10145.9,729.6
355,https://www.detik.com,1,0,1,0,2745.48,361,68,1335.1885,151,1020.103516,7,16.82226563,1744,113.921875,63,225.90625,6,25304.7,732.2
356,https://www.imdb.com,1,0,1,0,1834.56,99,38,854.0947,56,798.5302734,4,40.39160156,3996,164.4970703,6,32.28125,3,15899.7,997.8
357,https://www.1688.com,1,0,1,0,1644.08,94,17,240.6201,60,1391.141602,1,11.66699219,328,8.2890625,9,5.6875,2,9263.3,1135.7
358,https://www.hao123.com,1,0,1,0,783.4,94,15,148.9541,39,152.3740234,2,92.13867188,816,34.61816406,7,0,0,11846.9,1072.4
359,https://www.cnblogs.com,1,0,1,0,758,76,14,281.335,59,506.9931641,2,6.31640625,950,29.91308594,8,0,0,7140.2,862.9
360,https://www.yy.com,1,0,1,0,276.44,28,6,63.8408,13,184.3398438,1,15.24804688,361,12.91601563,5,0,0,6499.2,728.4
361,https://www.instructure.com,1,0,1,0,1667.58,107,54,1254.377,22,159.2441406,8,61.07617188,1400,54.578125,9,168.8125,7,25745.2,562.3
362,https://www.huanqiu.com,1,0,1,0,1396.59,121,28,272.0742,102,4395.363281,2,8.571289063,1261,316.921875,32,0,0,32956.9,791.4
363,https://www.chase.com,1,0,1,0,504.42,53,9,294.75,20,5.5,1,38.84082031,783,22.56933594,10,134.3183594,6,4297.3,555.7
364,https://www.spotify.com,1,0,1,0,825.57,52,42,698.2197,24,9.547851563,1,6.016601563,352,16.546875,19,191.0390625,3,9530.6,993.1
365,https://www.babytree.com,1,0,1,0,3009.67,52,4,159.3281,24,1762.913086,2,20.53027344,345,28.90527344,9,0,0,10934.5,1462.3
366,https://www.zoho.com,1,0,1,0,739.77,34,17,304.7109,8,271.2041016,3,68.54589844,863,14.82128906,6,110.6054688,3,6942.2,785.3
367,https://www.indeed.com,1,0,1,0,782.1,67,33,674.7344,7,1.46484375,17,84.97949219,419,22.92382813,2,19.9296875,2,7506.2,1015.5
368,https://www.grid.id,1,0,1,0,602.55,52,23,478.9111,10,23.65820313,3,22.80566406,835,21.20898438,3,54.75390625,4,21627.3,1247.8
369,https://www.ettoday.net,1,0,1,0,2247.24,264,90,1116.1436,61,948.8476563,5,11.81445313,708,127.1572266,55,14.265625,1,21479.2,1236.9
370,https://www.rakuten.co.jp,1,0,1,0,2005.26,116,123,1360.9805,196,1391.142578,4,36.14355469,1405,45.82324219,28,41.55078125,1,6169.6,1304.4
371,https://www.booking.com,1,0,1,0,925.03,56,32,753.6553,38,38.68164063,8,141.6796875,1717,126.5742188,9,0,0,11905.1,1083.3
372,https://www.aliyun.com,1,0,1,0,1069.9,94,44,540.6289,37,993.8164063,13,115.3818359,10464,89.74804688,7,70.2578125,2,7790.9,780.9
373,https://www.alibaba.com,1,0,1,0,2607.56,172,74,1709.4385,89,1148.694336,18,180.9492188,939,1000.413086,28,0,0,13862,1397.3
374,https://www.sindonews.com,1,0,1,0,1384.44,92,30,574.4932,29,368.0703125,2,12.4140625,1065,34.62402344,24,408.9648438,3,12663.7,928
375,https://www.kompas.com,1,0,1,0,1606.75,184,62,1273.7109,56,345.1455078,7,14.38574219,1343,246.7285156,39,0,0,18657.7,1060.5
376,https://www.pixnet.net,1,0,1,0,1331.45,206,13,719.1221,209,2662.870117,1,0.333984375,1335,5.411132813,30,0,0,24251,1542
377,https://www.github.com,1,0,1,0,1194.57,54,14,320.9658,15,255.2070313,5,133.796875,1314,36.80761719,1,157.21875,4,5566.9,983.4
378,https://www.tumblr.com,1,0,1,0,1011.56,48,75,911.832,18,386.0947266,40,72.40234375,144,6.90234375,2,2960.097656,80,6900.5,768
379,https://www.onlinesbi.com,1,0,1,0,2239.3,42,6,77.1836,28,2105.017578,4,40.40039063,738,12.59472656,2,0,0,3028.3,560.8
380,https://www.imgur.com,1,0,1,0,3320.26,170,66,1372.1807,307,726.6171875,2,17.15039063,271,193.328125,164,253.1992188,10,31645.5,1949.1
381,https://www.stackexchange.com,1,0,1,0,477.55,84,5,58.6035,62,288.9267578,2,55.56835938,1245,24.20214844,3,0,0,5173.6,750.5
382,https://www.liputan6.com,1,0,1,0,2122.28,217,60,1246.7373,86,648.4921875,9,140.3066406,3035,153.9111328,31,122.1054688,10,31180.2,769.1
383,https://www.office365.com,1,0,1,0,598.61,97,17,384.7422,55,434.1289063,2,88.64257813,660,49.82324219,21,85.046875,3,17205.5,1547
384,https://www.flipkart.com,1,0,1,0,589.76,65,18,412.2656,47,233.5644531,7,26.8515625,926,10.9453125,4,0,0,7788.4,1192.7
385,https://www.globo.com,1,0,1,0,1296.39,116,60,967.4932,44,128.2148438,3,25.88183594,2731,236.640625,32,95.2890625,5,20226.3,1215.6
386,https://www.bbc.co.uk,1,0,1,0,2941.93,136,64,1258.4111,54,514.0126953,7,33.17578125,1372,119.4492188,23,1247.410156,21,11452.2,879.4
387,https://www.arcgis.com,1,0,1,0,1418.32,44,13,1001.1152,10,242.0732422,5,135.1894531,285,3.405273438,5,56.83300781,3,5882.7,839.9
388,https://www.nih.gov,1,0,1,0,520.07,53,14,239.4287,18,206.4921875,10,35.79394531,844,15.30175781,3,24.4765625,3,6216.2,892.3
389,https://www.theguardian.com,1,0,1,0,1968.85,122,25,398.8174,60,1039.755859,5,44.40332031,3545,159.7070313,4,202.71875,7,13617.9,1143.9
390,https://www.thestartmagazine.com,1,0,1,0,483.52,73,21,299.2715,35,79.79003906,4,4.221679688,396,25.10839844,8,85.9375,2,15827.1,1403.5
391,https://www.paypal.com,1,0,1,0,3590.35,45,16,443.4805,11,9.12890625,1,49.66503906,380,27.09570313,6,35.8203125,2,16962,683.2
392,https://www.uol.com.br,1,0,1,0,2108.33,148,81,1562.3311,50,344.5097656,3,89.80273438,2152,308.0097656,18,89.45703125,5,17845.1,1390.4
393,https://www.soundcloud.com,1,0,1,0,542.56,43,24,314.7031,8,138.5332031,3,11.20898438,291,16.56152344,2,66.33203125,3,4617,1465.7
394,https://www.digikala.com,1,0,1,0,2022.9,101,13,477.4141,75,1355.985352,1,152.7773438,3738,55.61132813,7,91.046875,4,26019.5,585.6
395,https://www.espn.com,1,0,1,0,1253.76,57,37,1771.623,91,2027.410156,4,196.2460938,3116,567.8085938,15,76.84863281,2,10325.6,600.3
396,https://www.slideshare.net,1,0,1,0,286.1,13,6,175.9434,5,42.99707031,3,38.64355469,659,27.70703125,2,73.38769531,2,4463.8,691.4
397,https://www.okta.com,1,0,1,0,1635.02,62,45,1507.0244,42,302.8974609,12,370.2285156,1101,32.43164063,13,204.8398438,9,14049.9,865
398,https://www.udemy.com,1,0,1,0,467.53,29,20,671.1846,19,184.9541016,2,9.265625,2541,52.26367188,8,0,0,5933.6,582.5
399,https://www.cnbc.com,1,0,1,0,1094.71,48,37,552.3047,4,301.1679688,0,0,2364,152.6494141,1,228.4628906,8,5119.2,892.9
400,https://www.discordapp.com,1,0,1,0,2576.56,54,11,2249.7188,28,177.0673828,2,69.61523438,241,10.23046875,1,69.38867188,4,13809.8,1293.6
401,https://www.google.com,0,0,0,1,750.72,33,7,380.9141,14,288.5585938,1,0.221679688,264,53.76074219,7,28.6015625,2,9996.1,722.2
402,https://www.youtube.com,0,0,0,1,1251.78,22,5,598.5713,3,40.21484375,2,91.79101563,391,490.0830078,5,28.04589844,2,10246.6,1000.9
403,https://www.baidu.com,0,0,0,1,623.69,73,49,244.5049,31,307.9511719,0,0,531,93.71972656,4,70.78125,2,8039.6,745.1
404,https://www.tmall.com,0,0,0,1,369.96,55,11,229.5352,29,102.7792969,0,0,994,13.36328125,6,0,0,11074.9,830.7
405,https://www.qq.com,0,0,0,1,408.1,62,15,265.2969,41,82.37402344,0,0,344,40.25195313,8,2.97265625,1,12349.3,740
406,https://www.facebook.com,0,0,0,1,357.42,40,24,276.7471,6,22.89355469,5,26.9140625,291,34.56738281,3,0,0,14377.7,1037.6
407,https://www.sohu.com,0,0,0,1,863.55,221,49,390.8438,109,389.28125,5,15.01953125,1252,42.80761719,44,12.25390625,1,89902.1,1197.4
408,https://www.taobao.com,0,0,0,1,557.27,73,10,240.6582,68,579.6728516,0,0,428,11.04785156,3,0,0,15904.8,1155.3
409,https://www.yahoo.com,0,0,0,1,1217.5,129,45,413.9785,42,400.4628906,0,0,726,156.5078125,17,112.125,4,73563.1,850.2
410,https://www.wikipedia.org,0,0,0,1,72.8,7,2,8.4912,5,49.41699219,0,0,928,18.63183594,2,0,0,10811.8,735.6
411,https://www.jd.com,0,0,0,1,1640.11,70,26,799.5703,30,671.90625,6,168.6728516,265,30.625,8,0,0,E,1171.3
412,https://www.360.cn,0,0,0,1,839.86,57,17,214.375,26,551.3056641,3,41.66308594,232,32.375,6,0,0,6817.4,929
413,https://www.amazon.com,0,0,0,1,396.85,46,17,219.29,106,368.1464844,6,49.80078125,596,86.16796875,34,165.7695313,8,13014.6,871.1
414,https://www.weibo.com,0,0,0,1,588.49,29,18,488.5225,41,1016.042969,8,82.65625,851,4.330078125,3,7.059570313,1,16995.6,2046.4
415,https://www.live.com,0,0,0,1,743.71,30,12,651.1338,15,442.2910156,4,35.24316406,445,11.8984375,3,65.07421875,2,10508.9,1383.9
416,https://www.reddit.com,0,0,0,1,1280.2,68,20,566.7764,43,651.125,1,1.364257813,1714,39.72558594,4,8.4921875,1,56375.4,1648.7
417,https://www.okezone.com,0,0,0,1,2037.66,224,72,1126.3125,73,473.40625,3,81.35644531,1499,79.47753906,22,223.2265625,9,93699.5,1051.9
418,https://www.vk.com,0,0,0,1,1448.96,49,21,1012.4111,11,33.21386719,9,400.4628906,128,43.59863281,7,0,0,E,1878.1
419,https://www.csdn.net,0,0,0,1,461.14,48,15,169.4648,24,395.1230469,4,6.588867188,649,5.893554688,3,0,0,13640.7,995.2
420,https://www.netflix.com,0,0,0,1,1735.75,29,7,443.7666,9,619.6357422,2,18.63574219,512,50.27148438,5,104.7304688,2,44775.3,1089.7
421,https://www.office.com,0,0,0,1,371.86,23,14,160.876,10,140.2724609,3,22.81738281,552,17.05078125,2,0,0,10226.1,1209
422,https://www.alipay.com,0,0,0,1,126.15,15,5,44.5586,2,7.2265625,1,1.680664063,45,14.53125,4,0,0,E,1201.9
423,https://www.instagram.com,0,0,0,1,1567.98,21,12,906.7188,4,650.0166016,4,58.76269531,281,15.00878906,2,0,0,15780.2,809
424,https://www.yahoo.co.jp,0,0,0,1,966.24,99,46,539.5674,65,392.7431641,4,63.97753906,1188,35.55859375,8,0,0,48351.1,2013.9
425,https://www.microsoft.com,0,0,0,1,551.46,50,33,447.4746,50,180.7353516,3,60.32519531,516,70.01855469,23,85.046875,3,11699.3,1158.6
426,https://www.naver.com,0,0,0,1,1476,21,8,390.5967,61,2864.336914,4,290.4130859,4404,91.55664063,10,0,0,21558.4,1853.2
427,https://www.stackoverflow.com,0,0,0,1,436.32,37,6,147.126,20,70.22753906,4,106.5527344,1159,53.46484375,3,62.171875,3,18145.1,1729.8
428,https://www.force.com,0,0,0,1,1555.64,213,87,890.9639,36,293.9248047,7,97.34570313,1877,26.39355469,14,95.8203125,8,63869.4,1645.7
429,https://www.twitter.com,0,0,0,1,692.95,9,125,2717.8936,3,196.7539063,0,0,216,33.62402344,4,49.74414063,1,11700.5,2322.9
430,https://www.bing.com,0,0,0,1,471.43,43,15,192.8398,8,191.8134766,1,5.91015625,200,39.39941406,4,0,0,15912.6,1864.2
431,https://www.twitch.tv,0,0,0,1,618.29,34,46,1121.8926,87,909.9765625,0,0,1713,90.95605469,4,0,0,52552.2,849.1
432,https://www.aliexpress.com,0,0,0,1,4032.27,124,34,474.8633,64,3484.638672,7,24.43847656,512,8.26171875,4,25.984375,3,43232.8,1060
433,https://www.bilibili.com,0,0,0,1,849.98,75,48,956.1006,29,448.8310547,32,158.1396484,359,57.36425781,6,29.87890625,3,22154.9,881.6
434,https://www.tribunnews.com,0,0,0,1,1936.4,174,31,683.7686,65,1092.25293,9,20.76953125,1160,43.16894531,31,91.62890625,4,13604.2,1908.4
435,https://www.ebay.com,0,0,0,1,247.28,21,22,225.8965,41,418.1269531,3,24.79296875,663,64.84570313,5,43.578125,2,14071.9,1047.7
436,https://www.linkedin.com,0,0,0,1,354.09,23,10,298.9502,17,58.98535156,1,26.76757813,669,15.15820313,8,0,0,15236.4,1565.3
437,https://www.zhanqi.tv,0,0,0,1,630.97,40,17,189.1797,5,107.6083984,8,291.7724609,80,23.23242188,5,0,0,20864.3,1297.2
438,https://www.msn.com,0,0,0,1,279.53,21,6,234.6865,22,86.55273438,1,28.04589844,1250,39.50390625,3,49.01171875,2,9097.2,754.7
439,https://www.adobe.com,0,0,0,1,1096.95,44,52,1067.6523,58,147.3261719,6,181.1367188,2020,54.19042969,24,162.0273438,3,26339.2,1350.3
440,https://www.mama.cn,0,0,0,1,1179.48,73,16,107.2334,40,1002.617188,7,33.82519531,322,42.04199219,7,0,0,90625.6,1547.3
441,https://www.ok.ru,0,0,0,1,955.06,120,11,367.2549,99,419.15625,3,156.9150391,521,14.2265625,3,0,0,22436.4,1001.5
442,https://www.tianya.cn,0,0,0,1,436.77,55,20,151.1699,17,245.6142578,7,51.44628906,519,31.26464844,13,0,0,15920.9,992.8
443,https://www.apple.com,0,0,0,1,1008.97,39,10,360.79,10,125.2587891,6,81.00585938,695,11.14746094,2,429.5,5,55036.1,1066.1
444,https://www.yandex.ru,0,0,0,1,947.59,53,15,876.9873,36,77.64746094,2,16.27832031,1185,58.65917969,3,130.3671875,3,26124.5,1306.8
445,https://www.dropbox.com,0,0,0,1,2601.73,217,168,2448.6035,48,979.8496094,35,73.58105469,770,110.0400391,24,367.3955078,8,117858.3,1659.8
446,https://www.whatsapp.com,0,0,0,1,470.31,21,7,167.2646,9,235.9453125,3,46.73144531,518,21.85839844,3,0,0,25088.8,1235.5
447,https://www.cnn.com,0,0,0,1,3620.82,222,84,3116.1172,58,26.90429688,3,58.77832031,1460,162.7021484,21,272.3125,7,28765.4,5048.6
448,https://www.wordpress.com,0,0,0,1,633.13,74,26,385.7031,29,427.7578125,2,11.13085938,1494,43.09472656,11,0,0,67600.4,1888
449,https://www.163.com,0,0,0,1,3617.58,170,25,445.8623,96,3074.083008,1,41.8359375,1311,46.88964844,38,5.75,1,31281.4,1523.1
450,https://www.aparat.com,0,0,0,1,2166.61,71,10,262.1748,43,1648.30957,4,64.62011719,1923,19.22167969,2,168.9306641,4,50869.6,1867.1
451,https://www.mail.ru,0,0,0,1,1173.73,117,9,447.2285,80,587.9033203,1,6.873046875,1048,92.28125,4,0,0,120854.9,847.1
452,https://www.bbc.com,0,0,0,1,2344.22,89,50,1212.8506,36,149.4951172,5,31.83007813,1373,79.13867188,21,1247.410156,21,14436.1,1138.2
453,https://www.nytimes.com,0,0,0,1,7915.62,316,69,2681.8545,97,4315.847656,13,90.08007813,1675,513.0732422,48,381.0898438,16,E,4029.2
454,https://www.medium.com,0,0,0,1,1325.55,59,18,648.5146,16,568.0419922,2,1.170898438,649,14.95605469,6,85.07617188,6,65450.5,1614.2
455,https://www.detik.com,0,0,0,1,2745.48,361,68,1335.1885,151,1020.103516,7,16.82226563,1744,113.921875,63,225.90625,6,E,1824.6
456,https://www.imdb.com,0,0,0,1,1834.56,99,38,854.0947,56,798.5302734,4,40.39160156,3996,164.4970703,6,32.28125,3,E,1892.9
457,https://www.1688.com,0,0,0,1,1644.08,94,17,240.6201,60,1391.141602,1,11.66699219,328,8.2890625,9,5.6875,2,50662.1,2191.3
458,https://www.hao123.com,0,0,0,1,783.4,94,15,148.9541,39,152.3740234,2,92.13867188,816,34.61816406,7,0,0,31613.7,1865.6
459,https://www.cnblogs.com,0,0,0,1,758,76,14,281.335,59,506.9931641,2,6.31640625,950,29.91308594,8,0,0,21639,1355.6
460,https://www.yy.com,0,0,0,1,276.44,28,6,63.8408,13,184.3398438,1,15.24804688,361,12.91601563,5,0,0,16969.4,1680.7
461,https://www.instructure.com,0,0,0,1,1667.58,107,54,1254.377,22,159.2441406,8,61.07617188,1400,54.578125,9,168.8125,7,E,1340.9
462,https://www.huanqiu.com,0,0,0,1,1396.59,121,28,272.0742,102,4395.363281,2,8.571289063,1261,316.921875,32,0,0,E,2431.4
463,https://www.chase.com,0,0,0,1,504.42,53,9,294.75,20,5.5,1,38.84082031,783,22.56933594,10,134.3183594,6,17968.3,1785.6
464,https://www.spotify.com,0,0,0,1,825.57,52,42,698.2197,24,9.547851563,1,6.016601563,352,16.546875,19,191.0390625,3,18992.2,2958.3
465,https://www.babytree.com,0,0,0,1,3009.67,52,4,159.3281,24,1762.913086,2,20.53027344,345,28.90527344,9,0,0,33062.9,3262.6
466,https://www.zoho.com,0,0,0,1,739.77,34,17,304.7109,8,271.2041016,3,68.54589844,863,14.82128906,6,110.6054688,3,60147.6,2270.5
467,https://www.indeed.com,0,0,0,1,782.1,67,33,674.7344,7,1.46484375,17,84.97949219,419,22.92382813,2,19.9296875,2,20719,3591.8
468,https://www.grid.id,0,0,0,1,602.55,52,23,478.9111,10,23.65820313,3,22.80566406,835,21.20898438,3,54.75390625,4,55955.9,2727.6
469,https://www.ettoday.net,0,0,0,1,2247.24,264,90,1116.1436,61,948.8476563,5,11.81445313,708,127.1572266,55,14.265625,1,E,2391.6
470,https://www.rakuten.co.jp,0,0,0,1,2005.26,116,123,1360.9805,196,1391.142578,4,36.14355469,1405,45.82324219,28,41.55078125,1,55451.6,4030.3
471,https://www.booking.com,0,0,0,1,925.03,56,32,753.6553,38,38.68164063,8,141.6796875,1717,126.5742188,9,0,0,E,3038.6
472,https://www.aliyun.com,0,0,0,1,1069.9,94,44,540.6289,37,993.8164063,13,115.3818359,10464,89.74804688,7,70.2578125,2,21627.1,3140.4
473,https://www.alibaba.com,0,0,0,1,2607.56,172,74,1709.4385,89,1148.694336,18,180.9492188,939,1000.413086,28,0,0,E,5655.9
474,https://www.sindonews.com,0,0,0,1,1384.44,92,30,574.4932,29,368.0703125,2,12.4140625,1065,34.62402344,24,408.9648438,3,E,2808.1
475,https://www.kompas.com,0,0,0,1,1606.75,184,62,1273.7109,56,345.1455078,7,14.38574219,1343,246.7285156,39,0,0,E,2516.4
476,https://www.pixnet.net,0,0,0,1,1331.45,206,13,719.1221,209,2662.870117,1,0.333984375,1335,5.411132813,30,0,0,90852.5,3775
477,https://www.github.com,0,0,0,1,1194.57,54,14,320.9658,15,255.2070313,5,133.796875,1314,36.80761719,1,157.21875,4,106193.1,3286.4
478,https://www.tumblr.com,0,0,0,1,1011.56,48,75,911.832,18,386.0947266,40,72.40234375,144,6.90234375,2,2960.097656,80,29763.6,2187.2
479,https://www.onlinesbi.com,0,0,0,1,2239.3,42,6,77.1836,28,2105.017578,4,40.40039063,738,12.59472656,2,0,0,15032.7,2237.8
480,https://www.imgur.com,0,0,0,1,3320.26,170,66,1372.1807,307,726.6171875,2,17.15039063,271,193.328125,164,253.1992188,10,E,7716.2
481,https://www.stackexchange.com,0,0,0,1,477.55,84,5,58.6035,62,288.9267578,2,55.56835938,1245,24.20214844,3,0,0,67019.1,3914.7
482,https://www.liputan6.com,0,0,0,1,2122.28,217,60,1246.7373,86,648.4921875,9,140.3066406,3035,153.9111328,31,122.1054688,10,36159.1,2613.2
483,https://www.office365.com,0,0,0,1,598.61,97,17,384.7422,55,434.1289063,2,88.64257813,660,49.82324219,21,85.046875,3,E,4753.5
484,https://www.flipkart.com,0,0,0,1,589.76,65,18,412.2656,47,233.5644531,7,26.8515625,926,10.9453125,4,0,0,30550.6,6994.5
485,https://www.globo.com,0,0,0,1,1296.39,116,60,967.4932,44,128.2148438,3,25.88183594,2731,236.640625,32,95.2890625,5,59363.3,1761.2
486,https://www.bbc.co.uk,0,0,0,1,2941.93,136,64,1258.4111,54,514.0126953,7,33.17578125,1372,119.4492188,23,1247.410156,21,64875,3945
487,https://www.arcgis.com,0,0,0,1,1418.32,44,13,1001.1152,10,242.0732422,5,135.1894531,285,3.405273438,5,56.83300781,3,E,8150.3
488,https://www.nih.gov,0,0,0,1,520.07,53,14,239.4287,18,206.4921875,10,35.79394531,844,15.30175781,3,24.4765625,3,E,3656.4
489,https://www.theguardian.com,0,0,0,1,1968.85,122,25,398.8174,60,1039.755859,5,44.40332031,3545,159.7070313,4,202.71875,7,E,6347.7
490,https://www.thestartmagazine.com,0,0,0,1,483.52,73,21,299.2715,35,79.79003906,4,4.221679688,396,25.10839844,8,85.9375,2,E,10987.3
491,https://www.paypal.com,0,0,0,1,3590.35,45,16,443.4805,11,9.12890625,1,49.66503906,380,27.09570313,6,35.8203125,2,20733.2,2071
492,https://www.uol.com.br,0,0,0,1,2108.33,148,81,1562.3311,50,344.5097656,3,89.80273438,2152,308.0097656,18,89.45703125,5,E,1469.7
493,https://www.soundcloud.com,0,0,0,1,542.56,43,24,314.7031,8,138.5332031,3,11.20898438,291,16.56152344,2,66.33203125,3,72370.6,12612
494,https://www.digikala.com,0,0,0,1,2022.9,101,13,477.4141,75,1355.985352,1,152.7773438,3738,55.61132813,7,91.046875,4,E,3901.3
495,https://www.espn.com,0,0,0,1,1253.76,57,37,1771.623,91,2027.410156,4,196.2460938,3116,567.8085938,15,76.84863281,2,E,5791
496,https://www.slideshare.net,0,0,0,1,286.1,13,6,175.9434,5,42.99707031,3,38.64355469,659,27.70703125,2,73.38769531,2,E,4088.4
497,https://www.okta.com,0,0,0,1,1635.02,62,45,1507.0244,42,302.8974609,12,370.2285156,1101,32.43164063,13,204.8398438,9,E,3348.7
498,https://www.udemy.com,0,0,0,1,467.53,29,20,671.1846,19,184.9541016,2,9.265625,2541,52.26367188,8,0,0,E,1959.7
499,https://www.cnbc.com,0,0,0,1,1094.71,48,37,552.3047,4,301.1679688,0,0,2364,152.6494141,1,228.4628906,8,E,16039
500,https://www.discordapp.com,0,0,0,1,2576.56,54,11,2249.7188,28,177.0673828,2,69.61523438,241,10.23046875,1,69.38867188,4,41180.5,35349.5
501,https://www.google.com,1,0,0,1,750.72,33,7,380.9141,14,288.5585938,1,0.221679688,264,53.76074219,7,28.6015625,2,9973.3,587.6
502,https://www.youtube.com,1,0,0,1,1251.78,22,5,598.5713,3,40.21484375,2,91.79101563,391,490.0830078,5,28.04589844,2,10138.5,799.7
503,https://www.baidu.com,1,0,0,1,623.69,73,49,244.5049,31,307.9511719,0,0,531,93.71972656,4,70.78125,2,8027,574.3
504,https://www.tmall.com,1,0,0,1,369.96,55,11,229.5352,29,102.7792969,0,0,994,13.36328125,6,0,0,10997.2,610.6
505,https://www.qq.com,1,0,0,1,408.1,62,15,265.2969,41,82.37402344,0,0,344,40.25195313,8,2.97265625,1,11302.6,676.5
506,https://www.facebook.com,1,0,0,1,357.42,40,24,276.7471,6,22.89355469,5,26.9140625,291,34.56738281,3,0,0,14133.5,968.3
507,https://www.sohu.com,1,0,0,1,863.55,221,49,390.8438,109,389.28125,5,15.01953125,1252,42.80761719,44,12.25390625,1,64203.5,897.5
508,https://www.taobao.com,1,0,0,1,557.27,73,10,240.6582,68,579.6728516,0,0,428,11.04785156,3,0,0,15811.1,817.4
509,https://www.yahoo.com,1,0,0,1,1217.5,129,45,413.9785,42,400.4628906,0,0,726,156.5078125,17,112.125,4,42387.9,595.7
510,https://www.wikipedia.org,1,0,0,1,72.8,7,2,8.4912,5,49.41699219,0,0,928,18.63183594,2,0,0,10773.7,727.4
511,https://www.jd.com,1,0,0,1,1640.11,70,26,799.5703,30,671.90625,6,168.6728516,265,30.625,8,0,0,15465.1,1072.5
512,https://www.360.cn,1,0,0,1,839.86,57,17,214.375,26,551.3056641,3,41.66308594,232,32.375,6,0,0,6743.1,578.9
513,https://www.amazon.com,1,0,0,1,396.85,46,17,219.29,106,368.1464844,6,49.80078125,596,86.16796875,34,165.7695313,8,12844.6,684.9
514,https://www.weibo.com,1,0,0,1,588.49,29,18,488.5225,41,1016.042969,8,82.65625,851,4.330078125,3,7.059570313,1,16735.1,1127.6
515,https://www.live.com,1,0,0,1,743.71,30,12,651.1338,15,442.2910156,4,35.24316406,445,11.8984375,3,65.07421875,2,10323.4,1142.8
516,https://www.reddit.com,1,0,0,1,1280.2,68,20,566.7764,43,651.125,1,1.364257813,1714,39.72558594,4,8.4921875,1,39161.2,616.1
517,https://www.okezone.com,1,0,0,1,2037.66,224,72,1126.3125,73,473.40625,3,81.35644531,1499,79.47753906,22,223.2265625,9,43350.7,595.4
518,https://www.vk.com,1,0,0,1,1448.96,49,21,1012.4111,11,33.21386719,9,400.4628906,128,43.59863281,7,0,0,0,1329.8
519,https://www.csdn.net,1,0,0,1,461.14,48,15,169.4648,24,395.1230469,4,6.588867188,649,5.893554688,3,0,0,13002.3,588.1
520,https://www.netflix.com,1,0,0,1,1735.75,29,7,443.7666,9,619.6357422,2,18.63574219,512,50.27148438,5,104.7304688,2,25240.3,892.7
521,https://www.office.com,1,0,0,1,371.86,23,14,160.876,10,140.2724609,3,22.81738281,552,17.05078125,2,0,0,10128.5,560.1
522,https://www.alipay.com,1,0,0,1,126.15,15,5,44.5586,2,7.2265625,1,1.680664063,45,14.53125,4,0,0,0,1007.9
523,https://www.instagram.com,1,0,0,1,1567.98,21,12,906.7188,4,650.0166016,4,58.76269531,281,15.00878906,2,0,0,15687.8,665.5
524,https://www.yahoo.co.jp,1,0,0,1,966.24,99,46,539.5674,65,392.7431641,4,63.97753906,1188,35.55859375,8,0,0,23932.3,880.7
525,https://www.microsoft.com,1,0,0,1,551.46,50,33,447.4746,50,180.7353516,3,60.32519531,516,70.01855469,23,85.046875,3,11688.4,871.7
526,https://www.naver.com,1,0,0,1,1476,21,8,390.5967,61,2864.336914,4,290.4130859,4404,91.55664063,10,0,0,21528.75,1274
527,https://www.stackoverflow.com,1,0,0,1,436.32,37,6,147.126,20,70.22753906,4,106.5527344,1159,53.46484375,3,62.171875,3,18078.7,1287.1
528,https://www.force.com,1,0,0,1,1555.64,213,87,890.9639,36,293.9248047,7,97.34570313,1877,26.39355469,14,95.8203125,8,34633.2,1110.4
529,https://www.twitter.com,1,0,0,1,692.95,9,125,2717.8936,3,196.7539063,0,0,216,33.62402344,4,49.74414063,1,11542.25,1261.625
530,https://www.bing.com,1,0,0,1,471.43,43,15,192.8398,8,191.8134766,1,5.91015625,200,39.39941406,4,0,0,15893.6,1635.8
531,https://www.twitch.tv,1,0,0,1,618.29,34,46,1121.8926,87,909.9765625,0,0,1713,90.95605469,4,0,0,32402.9,668.6
532,https://www.aliexpress.com,1,0,0,1,4032.27,124,34,474.8633,64,3484.638672,7,24.43847656,512,8.26171875,4,25.984375,3,40838.1,852.6
533,https://www.bilibili.com,1,0,0,1,849.98,75,48,956.1006,29,448.8310547,32,158.1396484,359,57.36425781,6,29.87890625,3,10693.6,752.5
534,https://www.tribunnews.com,1,0,0,1,1936.4,174,31,683.7686,65,1092.25293,9,20.76953125,1160,43.16894531,31,91.62890625,4,7748.7,702.9
535,https://www.ebay.com,1,0,0,1,247.28,21,22,225.8965,41,418.1269531,3,24.79296875,663,64.84570313,5,43.578125,2,13961.1,828.6
536,https://www.linkedin.com,1,0,0,1,354.09,23,10,298.9502,17,58.98535156,1,26.76757813,669,15.15820313,8,0,0,15034.5,1035.8
537,https://www.zhanqi.tv,1,0,0,1,630.97,40,17,189.1797,5,107.6083984,8,291.7724609,80,23.23242188,5,0,0,19878.6,882.4
538,https://www.msn.com,1,0,0,1,279.53,21,6,234.6865,22,86.55273438,1,28.04589844,1250,39.50390625,3,49.01171875,2,8994.5,617.9
539,https://www.adobe.com,1,0,0,1,1096.95,44,52,1067.6523,58,147.3261719,6,181.1367188,2020,54.19042969,24,162.0273438,3,16446.2,967.8
540,https://www.mama.cn,1,0,0,1,1179.48,73,16,107.2334,40,1002.617188,7,33.82519531,322,42.04199219,7,0,0,42433.8,1125.2
541,https://www.ok.ru,1,0,0,1,955.06,120,11,367.2549,99,419.15625,3,156.9150391,521,14.2265625,3,0,0,18169.7,642.5
542,https://www.tianya.cn,1,0,0,1,436.77,55,20,151.1699,17,245.6142578,7,51.44628906,519,31.26464844,13,0,0,15706.1,896.9
543,https://www.apple.com,1,0,0,1,1008.97,39,10,360.79,10,125.2587891,6,81.00585938,695,11.14746094,2,429.5,5,26767.6,737.4
544,https://www.yandex.ru,1,0,0,1,947.59,53,15,876.9873,36,77.64746094,2,16.27832031,1185,58.65917969,3,130.3671875,3,24999.2,806.6
545,https://www.dropbox.com,1,0,0,1,2601.73,217,168,2448.6035,48,979.8496094,35,73.58105469,770,110.0400391,24,367.3955078,8,47355.3,1001.8
546,https://www.whatsapp.com,1,0,0,1,470.31,21,7,167.2646,9,235.9453125,3,46.73144531,518,21.85839844,3,0,0,20136.3,838.3
547,https://www.cnn.com,1,0,0,1,3620.82,222,84,3116.1172,58,26.90429688,3,58.77832031,1460,162.7021484,21,272.3125,7,27890.8,2070.1
548,https://www.wordpress.com,1,0,0,1,633.13,74,26,385.7031,29,427.7578125,2,11.13085938,1494,43.09472656,11,0,0,25741.6,876
549,https://www.163.com,1,0,0,1,3617.58,170,25,445.8623,96,3074.083008,1,41.8359375,1311,46.88964844,38,5.75,1,17224.4,1115.8
550,https://www.aparat.com,1,0,0,1,2166.61,71,10,262.1748,43,1648.30957,4,64.62011719,1923,19.22167969,2,168.9306641,4,23407.2,1243.6
551,https://www.mail.ru,1,0,0,1,1173.73,117,9,447.2285,80,587.9033203,1,6.873046875,1048,92.28125,4,0,0,64725.8,522.2
552,https://www.bbc.com,1,0,0,1,2344.22,89,50,1212.8506,36,149.4951172,5,31.83007813,1373,79.13867188,21,1247.410156,21,5993,730.6
553,https://www.nytimes.com,1,0,0,1,7915.62,316,69,2681.8545,97,4315.847656,13,90.08007813,1675,513.0732422,48,381.0898438,16,20437.4,1142.5
554,https://www.medium.com,1,0,0,1,1325.55,59,18,648.5146,16,568.0419922,2,1.170898438,649,14.95605469,6,85.07617188,6,27034.8,891
555,https://www.detik.com,1,0,0,1,2745.48,361,68,1335.1885,151,1020.103516,7,16.82226563,1744,113.921875,63,225.90625,6,57603.3,810.3
556,https://www.imdb.com,1,0,0,1,1834.56,99,38,854.0947,56,798.5302734,4,40.39160156,3996,164.4970703,6,32.28125,3,61910,1069.7
557,https://www.1688.com,1,0,0,1,1644.08,94,17,240.6201,60,1391.141602,1,11.66699219,328,8.2890625,9,5.6875,2,18985.4,1298.5
558,https://www.hao123.com,1,0,0,1,783.4,94,15,148.9541,39,152.3740234,2,92.13867188,816,34.61816406,7,0,0,31508.3,1184.9
559,https://www.cnblogs.com,1,0,0,1,758,76,14,281.335,59,506.9931641,2,6.31640625,950,29.91308594,8,0,0,12766.1,960
560,https://www.yy.com,1,0,0,1,276.44,28,6,63.8408,13,184.3398438,1,15.24804688,361,12.91601563,5,0,0,13949.7,858.3
561,https://www.instructure.com,1,0,0,1,1667.58,107,54,1254.377,22,159.2441406,8,61.07617188,1400,54.578125,9,168.8125,7,0,411.75
562,https://www.huanqiu.com,1,0,0,1,1396.59,121,28,272.0742,102,4395.363281,2,8.571289063,1261,316.921875,32,0,0,59136.5,922.1
563,https://www.chase.com,1,0,0,1,504.42,53,9,294.75,20,5.5,1,38.84082031,783,22.56933594,10,134.3183594,6,10438.4,659.3
564,https://www.spotify.com,1,0,0,1,825.57,52,42,698.2197,24,9.547851563,1,6.016601563,352,16.546875,19,191.0390625,3,18817.3,1064.7
565,https://www.babytree.com,1,0,0,1,3009.67,52,4,159.3281,24,1762.913086,2,20.53027344,345,28.90527344,9,0,0,24409.9,1587
566,https://www.zoho.com,1,0,0,1,739.77,34,17,304.7109,8,271.2041016,3,68.54589844,863,14.82128906,6,110.6054688,3,14644.1,781.9
567,https://www.indeed.com,1,0,0,1,782.1,67,33,674.7344,7,1.46484375,17,84.97949219,419,22.92382813,2,19.9296875,2,20686.6,1152.7
568,https://www.grid.id,1,0,0,1,602.55,52,23,478.9111,10,23.65820313,3,22.80566406,835,21.20898438,3,54.75390625,4,55880.6,1189.2
569,https://www.ettoday.net,1,0,0,1,2247.24,264,90,1116.1436,61,948.8476563,5,11.81445313,708,127.1572266,55,14.265625,1,72465.4,1185.3
570,https://www.rakuten.co.jp,1,0,0,1,2005.26,116,123,1360.9805,196,1391.142578,4,36.14355469,1405,45.82324219,28,41.55078125,1,13102.5,898.6
571,https://www.booking.com,1,0,0,1,925.03,56,32,753.6553,38,38.68164063,8,141.6796875,1717,126.5742188,9,0,0,26807.6,1217
572,https://www.aliyun.com,1,0,0,1,1069.9,94,44,540.6289,37,993.8164063,13,115.3818359,10464,89.74804688,7,70.2578125,2,21348.7,920.5
573,https://www.alibaba.com,1,0,0,1,2607.56,172,74,1709.4385,89,1148.694336,18,180.9492188,939,1000.413086,28,0,0,38887.4,1546.7
574,https://www.sindonews.com,1,0,0,1,1384.44,92,30,574.4932,29,368.0703125,2,12.4140625,1065,34.62402344,24,408.9648438,3,23139.7,921.5
575,https://www.kompas.com,1,0,0,1,1606.75,184,62,1273.7109,56,345.1455078,7,14.38574219,1343,246.7285156,39,0,0,56036.9,1064.9
576,https://www.pixnet.net,1,0,0,1,1331.45,206,13,719.1221,209,2662.870117,1,0.333984375,1335,5.411132813,30,0,0,89182.6,1600.1
577,https://www.github.com,1,0,0,1,1194.57,54,14,320.9658,15,255.2070313,5,133.796875,1314,36.80761719,1,157.21875,4,18257.3,1054
578,https://www.tumblr.com,1,0,0,1,1011.56,48,75,911.832,18,386.0947266,40,72.40234375,144,6.90234375,2,2960.097656,80,15966.5,928.5
579,https://www.onlinesbi.com,1,0,0,1,2239.3,42,6,77.1836,28,2105.017578,4,40.40039063,738,12.59472656,2,0,0,9021.6,640.9
580,https://www.imgur.com,1,0,0,1,3320.26,170,66,1372.1807,307,726.6171875,2,17.15039063,271,193.328125,164,253.1992188,10,8670.9,4441.8
581,https://www.stackexchange.com,1,0,0,1,477.55,84,5,58.6035,62,288.9267578,2,55.56835938,1245,24.20214844,3,0,0,14399.9,822.8
582,https://www.liputan6.com,1,0,0,1,2122.28,217,60,1246.7373,86,648.4921875,9,140.3066406,3035,153.9111328,31,122.1054688,10,35867.2,956.2
583,https://www.office365.com,1,0,0,1,598.61,97,17,384.7422,55,434.1289063,2,88.64257813,660,49.82324219,21,85.046875,3,24838,1845.2
584,https://www.flipkart.com,1,0,0,1,589.76,65,18,412.2656,47,233.5644531,7,26.8515625,926,10.9453125,4,0,0,30011.3,1412.3
585,https://www.globo.com,1,0,0,1,1296.39,116,60,967.4932,44,128.2148438,3,25.88183594,2731,236.640625,32,95.2890625,5,58505.2,1025.7
586,https://www.bbc.co.uk,1,0,0,1,2941.93,136,64,1258.4111,54,514.0126953,7,33.17578125,1372,119.4492188,23,1247.410156,21,29386.6,726.4
587,https://www.arcgis.com,1,0,0,1,1418.32,44,13,1001.1152,10,242.0732422,5,135.1894531,285,3.405273438,5,56.83300781,3,15765.3,926.5
588,https://www.nih.gov,1,0,0,1,520.07,53,14,239.4287,18,206.4921875,10,35.79394531,844,15.30175781,3,24.4765625,3,14455.3,887
589,https://www.theguardian.com,1,0,0,1,1968.85,122,25,398.8174,60,1039.755859,5,44.40332031,3545,159.7070313,4,202.71875,7,41953.2,1170.8
590,https://www.thestartmagazine.com,1,0,0,1,483.52,73,21,299.2715,35,79.79003906,4,4.221679688,396,25.10839844,8,85.9375,2,63708.3,1700.2
591,https://www.paypal.com,1,0,0,1,3590.35,45,16,443.4805,11,9.12890625,1,49.66503906,380,27.09570313,6,35.8203125,2,2025.7,573.3
592,https://www.uol.com.br,1,0,0,1,2108.33,148,81,1562.3311,50,344.5097656,3,89.80273438,2152,308.0097656,18,89.45703125,5,43878.875,1467.625
593,https://www.soundcloud.com,1,0,0,1,542.56,43,24,314.7031,8,138.5332031,3,11.20898438,291,16.56152344,2,66.33203125,3,15283.7,1676.2
594,https://www.digikala.com,1,0,0,1,2022.9,101,13,477.4141,75,1355.985352,1,152.7773438,3738,55.61132813,7,91.046875,4,66018,633.2
595,https://www.espn.com,1,0,0,1,1253.76,57,37,1771.623,91,2027.410156,4,196.2460938,3116,567.8085938,15,76.84863281,2,18926.22222,616.7777778
596,https://www.slideshare.net,1,0,0,1,286.1,13,6,175.9434,5,42.99707031,3,38.64355469,659,27.70703125,2,73.38769531,2,11917.5,810.7
597,https://www.okta.com,1,0,0,1,1635.02,62,45,1507.0244,42,302.8974609,12,370.2285156,1101,32.43164063,13,204.8398438,9,30951.9,1022.2
598,https://www.udemy.com,1,0,0,1,467.53,29,20,671.1846,19,184.9541016,2,9.265625,2541,52.26367188,8,0,0,9759.9,637.5
599,https://www.cnbc.com,1,0,0,1,1094.71,48,37,552.3047,4,301.1679688,0,0,2364,152.6494141,1,228.4628906,8,13868.2,1072.4
600,https://www.discordapp.com,1,0,0,1,2576.56,54,11,2249.7188,28,177.0673828,2,69.61523438,241,10.23046875,1,69.38867188,4,20443.71429,1427.142857